cohort,replication,gradcam_mean,gradcampp_mean,gradcampp_minus_gradcam
full,0,0.5440870384023474,0.7249728694607923,0.1808858310584449
full,1,0.5455264555554875,0.7234052257843969,0.1778787702289094
full,2,0.5496127003628434,0.7172724611731597,0.1676597608103163
full,3,0.5575515842919958,0.7182363616473381,0.16068477735534226
full,4,0.562555302362784,0.7241466138390537,0.1615913114762697
full,5,0.5478868167571022,0.7174387545335226,0.1695519377764204
full,6,0.5582863628258795,0.7225342353697621,0.16424787254388262
full,7,0.5538252820148613,0.7201247928436377,0.16629951082877648
full,8,0.5513488616475452,0.7233677331899558,0.1720188715424107
full,9,0.538356987198521,0.721528435033304,0.183171447834783
full,10,0.5576610073357403,0.7182679387266049,0.16060693139086457
full,11,0.5495534951930172,0.725948616730146,0.17639512153712877
full,12,0.533348129836871,0.7206951991934384,0.18734706935656742
full,13,0.5678824906597684,0.715993284672937,0.14811079401316862
full,14,0.5321000673922746,0.7249240158929116,0.192823948500637
full,15,0.5516143907586231,0.7157469172383685,0.1641325264797454
full,16,0.5580620295396631,0.7172433860632171,0.15918135652355403
full,17,0.5410578448321213,0.7282181930553039,0.18716034822318262
full,18,0.5351267058473234,0.7154947592292588,0.1803680533819354
full,19,0.5654520765495014,0.715571170820937,0.15011909427143566
full,20,0.5501586440697537,0.7208266256782739,0.17066798160852026
full,21,0.5536032729634289,0.7178967556757191,0.16429348271229016
full,22,0.5505557090579447,0.7234448011106337,0.172889092052689
full,23,0.5653319216331033,0.7197342445458753,0.154402322912772
full,24,0.5334833639798114,0.728902025875073,0.19541866189526158
full,25,0.5413823720443496,0.7149276210182279,0.17354524897387835
full,26,0.536354373467571,0.7084538257867591,0.1720994523191881
full,27,0.5537345795878597,0.727402392009609,0.17366781242174933
full,28,0.5597891496535834,0.72184127347421,0.16205212382062661
full,29,0.5536730744438209,0.7197854026297433,0.16611232818592248
full,30,0.5589206099344036,0.7259033860885288,0.16698277615412516
full,31,0.5659542999685782,0.7201005121740827,0.1541462122055045
full,32,0.5573328105940978,0.7160500177916563,0.15871720719755855
full,33,0.5461840474536832,0.726742784479282,0.18055873702559877
full,34,0.5503766128777321,0.7173251775660295,0.16694856468829744
full,35,0.5283866265837754,0.7213189187793362,0.19293229219556074
full,36,0.5342441105531951,0.7256862532512547,0.1914421426980596
full,37,0.5561594721168953,0.725223246020131,0.16906377390323568
full,38,0.537957468934799,0.7264197785367393,0.18846230960194033
full,39,0.5373956359857567,0.7203304307779627,0.18293479479220598
full,40,0.5170377389305201,0.7203594671591713,0.20332172822865124
full,41,0.5344725252302448,0.7159750718057243,0.18150254657547948
full,42,0.5511099828667965,0.725213184282873,0.1741032014160765
full,43,0.5461230293138514,0.7202345560789459,0.17411152676509456
full,44,0.5401176340486835,0.7187627779945847,0.17864514394590114
full,45,0.5204284785193186,0.7147420316978865,0.1943135531785679
full,46,0.5456379604658751,0.7214738495056073,0.17583588903973224
full,47,0.5468609011526923,0.7074958713969742,0.16063497024428197
full,48,0.5386318917057566,0.720063976095131,0.1814320843893743
full,49,0.5397785812414071,0.7220299344186858,0.1822513531772787
full,50,0.5334766059658284,0.7245166218322358,0.1910400158664074
full,51,0.5612089832947124,0.7307662426743636,0.16955725937965127
full,52,0.5534549806282666,0.7233634648933178,0.16990848426505123
full,53,0.5385432089227941,0.7162781511621464,0.17773494223935238
full,54,0.5498620545915734,0.7255487538408644,0.17568669924929092
full,55,0.5296804557337157,0.7201314853824407,0.19045102964872496
full,56,0.5416684743273142,0.7221543454912802,0.18048587116396597
full,57,0.5400560185537767,0.7245010377044191,0.18444501915064238
full,58,0.512979091597295,0.7110572201011564,0.1980781285038613
full,59,0.5618060255779922,0.7285539785623187,0.16674795298432654
full,60,0.5471112369536769,0.7298393795894988,0.18272814263582193
full,61,0.5486421683627143,0.7180191166566122,0.16937694829389793
full,62,0.5515961983444415,0.7269670878229716,0.17537088947853008
full,63,0.5336639831098704,0.7248684791503776,0.19120449604050715
full,64,0.5633011247509236,0.7217904261613701,0.15848930141044648
full,65,0.5459585208508654,0.7318240558307144,0.18586553497984903
full,66,0.5761726476736849,0.7191198720971502,0.1429472244234653
full,67,0.5268044129372111,0.7220717483292024,0.19526733539199126
full,68,0.5531010584417886,0.7186135898294579,0.1655125313876693
full,69,0.5411323884967527,0.7151567341606828,0.1740243456639301
full,70,0.5459996142336057,0.717662843643689,0.17166322941008338
full,71,0.5478942161170514,0.7147705413877238,0.16687632527067242
full,72,0.5436386806059483,0.7207221355717467,0.17708345496579836
full,73,0.543409026693132,0.7285385637235733,0.18512953703044133
full,74,0.5501324643931738,0.7261810024896607,0.1760485380964869
full,75,0.5737883475350138,0.7245302324476268,0.15074188491261298
full,76,0.5406411247696109,0.7252849601922721,0.18464383542266116
full,77,0.5360192217762644,0.7239143929831261,0.18789517120686172
full,78,0.5560462213370173,0.7189057948305765,0.16285957349355917
full,79,0.5313795212631401,0.7165179380040636,0.18513841674092346
full,80,0.5337246908633426,0.7207479970937736,0.18702330623043095
full,81,0.5419962074321737,0.724076524374368,0.1820803169421943
full,82,0.5117255969170674,0.7196625002986697,0.2079369033816023
full,83,0.5440937876492457,0.7273450247537205,0.18325123710447488
full,84,0.5289794938996589,0.7087997234360213,0.17982022953636234
full,85,0.5400080068846329,0.7222392232211927,0.1822312163365598
full,86,0.5679686136320676,0.7193101689669573,0.1513415553348897
full,87,0.5627054303674123,0.7247518611755633,0.16204643080815107
full,88,0.5408743543315386,0.7256291655179035,0.18475481118636483
full,89,0.5179093941107361,0.7154003899735912,0.19749099586285512
full,90,0.5400544826329505,0.7211258680514978,0.18107138541854728
full,91,0.5688566398062267,0.7241175079588639,0.15526086815263718
full,92,0.5388258773991083,0.7130183117270881,0.17419243432797982
full,93,0.5526301876680834,0.7232855050256692,0.17065531735758588
full,94,0.5397698811881778,0.7207453442500066,0.18097546306182877
full,95,0.5374981379750228,0.7210806956434797,0.18358255766845688
full,96,0.5443391331375071,0.7177442658540378,0.17340513271653069
full,97,0.5393195256137197,0.7232622058236802,0.18394268020996052
full,98,0.5264926885589725,0.7149452764465128,0.18845258788754038
full,99,0.5591533378218014,0.7179777172185755,0.15882437939677407
full,100,0.5215631173836098,0.7190749466587906,0.19751182927518074
full,101,0.5437792408064774,0.7181317791670699,0.1743525383605925
full,102,0.530706195364337,0.7217657963013867,0.19105960093704966
full,103,0.5541919676123042,0.7233879943501993,0.16919602673789513
full,104,0.5395794445778633,0.7127498706954998,0.17317042611763644
full,105,0.5480698386045886,0.7259739037389665,0.17790406513437795
full,106,0.5706236793679681,0.7164906494137667,0.14586697004579863
full,107,0.5383250089468707,0.7244196220219148,0.18609461307504405
full,108,0.526287904761325,0.7257274555241199,0.19943955076279485
full,109,0.5256495807112056,0.7160572297920793,0.1904076490808737
full,110,0.5251452020128664,0.7209748918177776,0.19582968980491122
full,111,0.545229897670252,0.7233248008618667,0.1780949031916147
full,112,0.5502287324147367,0.7239640707575826,0.17373533834284594
full,113,0.5443720819564754,0.7184087529201147,0.1740366709636394
full,114,0.5313310963894345,0.7237990049312686,0.19246790854183404
full,115,0.5483686745332939,0.716945784598121,0.16857711006482712
full,116,0.5552976122049897,0.7165912089617072,0.1612935967567175
full,117,0.560110598766757,0.7157065287624665,0.1555959299957096
full,118,0.5508247256393252,0.7157040269284203,0.16487930128909511
full,119,0.52946953778315,0.7221031264804801,0.19263358869733016
full,120,0.5384262407569003,0.7243720189054536,0.1859457781485533
full,121,0.5767213523296699,0.7191386731568031,0.1424173208271332
full,122,0.5474467619615543,0.7193445756350629,0.17189781367350865
full,123,0.5692707751482101,0.7183600866738885,0.1490893115256784
full,124,0.5344451282020339,0.724361333433589,0.18991620523155506
full,125,0.5307442178309711,0.7235620712451225,0.19281785341415136
full,126,0.5406745315337803,0.7222392849476728,0.18156475341389244
full,127,0.5386488752185269,0.728114501961302,0.18946562674277512
full,128,0.543332020328117,0.7201138781705266,0.17678185784240963
full,129,0.5499813828430421,0.7312540911982411,0.18127270835519904
full,130,0.5613848486487677,0.7102939256472279,0.14890907699846023
full,131,0.5556282806850873,0.722198570975235,0.1665702902901477
full,132,0.551417285161738,0.7240027232702282,0.17258543810849014
full,133,0.5598435952861937,0.7228750716411629,0.16303147635496928
full,134,0.5298570566163437,0.7197427098153928,0.18988565319904904
full,135,0.5617204999027015,0.716384487190578,0.15466398728787656
full,136,0.5408674788609539,0.7233507492056983,0.18248327034474443
full,137,0.540559255359565,0.726494067181254,0.18593481182168903
full,138,0.5542242313332228,0.7231339325513488,0.16890970121812598
full,139,0.539037205346185,0.7131417551559417,0.17410454980975665
full,140,0.5563244936485775,0.7237873403222514,0.16746284667367395
full,141,0.5485412660063831,0.7268673124088589,0.17832604640247585
full,142,0.5279964598544253,0.729535204322391,0.2015387444679657
full,143,0.5437762874745806,0.722765306421771,0.17898901894719033
full,144,0.5365966298133888,0.7169230533133797,0.18032642349999084
full,145,0.5459222140817387,0.7176523947245992,0.1717301806428605
full,146,0.5264931071216243,0.7161004249586804,0.1896073178370561
full,147,0.5665754784831799,0.7181005633545521,0.15152508487137217
full,148,0.5408578294152824,0.7169780084513849,0.17612017903610255
full,149,0.5313180038013977,0.7202128617858083,0.18889485798441064
full,150,0.5497712219538122,0.7284905239071103,0.1787193019532981
full,151,0.5525159751369049,0.7209851350384032,0.16846915990149836
full,152,0.5733767112516178,0.7174617335631138,0.144085022311496
full,153,0.5475496107215642,0.7135988230669252,0.16604921234536107
full,154,0.5521192568806178,0.7162607900953638,0.164141533214746
full,155,0.5425567444872456,0.7161719557220283,0.17361521123478274
full,156,0.5303757144193814,0.723758374376151,0.19338265995676962
full,157,0.5510688911973479,0.7207517399202465,0.16968284872289863
full,158,0.5454290770781948,0.7257038370256341,0.18027475994743936
full,159,0.5585788248188134,0.7219070337166872,0.1633282088978738
full,160,0.5403658842951672,0.7217359941003016,0.18137010980513446
full,161,0.5557208964615316,0.7237785539581121,0.16805765749658053
full,162,0.5317262321375484,0.7201604002278559,0.18843416809030744
full,163,0.5465297336158937,0.7251320935326674,0.17860235991677365
full,164,0.5527376222447542,0.723074857253113,0.17033723500835884
full,165,0.5372261095828903,0.7257732563885376,0.18854714680564733
full,166,0.5465352796284556,0.7248925286815947,0.1783572490531391
full,167,0.5411718213159776,0.7170359793293747,0.17586415801339705
full,168,0.5229293417906269,0.7257414395013702,0.20281209771074327
full,169,0.5572899865788367,0.7194644534589316,0.16217446688009496
full,170,0.527734187814982,0.7222509602967759,0.1945167724817939
full,171,0.5309169859780358,0.7244841674768896,0.19356718149885377
full,172,0.5594522355629931,0.7176148038131188,0.15816256825012576
full,173,0.5570062069631495,0.7199330936991897,0.16292688673604017
full,174,0.5512519012030822,0.7177161429972515,0.1664642417941693
full,175,0.5248810075073274,0.722593575414556,0.1977125679072287
full,176,0.5506326392651816,0.7249224538342284,0.1742898145690468
full,177,0.5441263134612006,0.719169459915485,0.17504314645428443
full,178,0.5396310442227873,0.7240277466616099,0.18439670243882256
full,179,0.5235378763457724,0.7211800054175231,0.19764212907175072
full,180,0.5189148584217389,0.7194362995859035,0.2005214411641646
full,181,0.5488414941278607,0.7187170648538161,0.1698755707259555
full,182,0.5241994103035699,0.7110695433907304,0.1868701330871605
full,183,0.5540996924642706,0.7179482605192116,0.16384856805494097
full,184,0.5298708545367187,0.7249482570156335,0.1950774024789148
full,185,0.5396104384950495,0.7203555242969331,0.18074508580188353
full,186,0.5597774037787488,0.7206499949305034,0.16087259115175456
full,187,0.5463159506889613,0.716908012593978,0.17059206190501663
full,188,0.5707137963615413,0.7185483493755495,0.14783455301400816
full,189,0.5350723621953756,0.7200767316335625,0.18500436943818688
full,190,0.5361065016963532,0.7241406573156891,0.1880341556193359
full,191,0.5356285012718438,0.7198626051788908,0.18423410390704698
full,192,0.5580110466866156,0.7180824319614206,0.16007138527480502
full,193,0.5588861328502038,0.7223928698977496,0.1635067370475458
full,194,0.5619872028071347,0.726980597721757,0.1649933949146224
full,195,0.5380451296262568,0.714694755405859,0.1766496257796022
full,196,0.5434096084582187,0.7181664701813191,0.17475686172310034
full,197,0.5509539530335344,0.7113069444339557,0.16035299140042125
full,198,0.5322837758755795,0.7213779847733212,0.18909420889774164
full,199,0.5290752978850145,0.7270485850888705,0.19797328720385599
full,200,0.5478207733433501,0.7159363134948304,0.16811554015148034
full,201,0.5686052294949061,0.7270802852813476,0.1584750557864415
full,202,0.534499514603109,0.7209697085767868,0.1864701939736778
full,203,0.5348662495172539,0.7195188375346516,0.1846525880173977
full,204,0.5397050565672157,0.71238384552801,0.17267878896079436
full,205,0.5606107448055312,0.7187128741171185,0.1581021293115873
full,206,0.5361503850361256,0.7254617567475525,0.18931137171142698
full,207,0.5538045280664375,0.7280412022702102,0.17423667420377265
full,208,0.5444872879251129,0.724323672245635,0.17983638432052207
full,209,0.5454395493181052,0.722805556621081,0.1773660073029758
full,210,0.5332438578871341,0.725767228379227,0.1925233704920929
full,211,0.5567587305040004,0.7214677034499231,0.16470897294592268
full,212,0.5264769354911527,0.7194539802661956,0.19297704477504285
full,213,0.555174976400205,0.7196297654664784,0.16445478906627342
full,214,0.5359437791480223,0.727738065761291,0.1917942866132687
full,215,0.5328358144186945,0.7216487615959287,0.18881294717723418
full,216,0.5692883458236789,0.7208163309991026,0.15152798517542365
full,217,0.5195043155889386,0.7181199018206997,0.19861558623176112
full,218,0.5444797304422749,0.7218806595714693,0.17740092912919436
full,219,0.5543285385786662,0.7238044620487283,0.16947592347006213
full,220,0.5681777441249467,0.7115613378812478,0.14338359375630105
full,221,0.5588456125517489,0.7194954414557967,0.16064982890404778
full,222,0.5367305154011804,0.725393620831708,0.18866310543052756
full,223,0.5372653268123165,0.7227402177688748,0.18547489095655822
full,224,0.5311201709061043,0.7167307480521666,0.18561057714606233
full,225,0.5342212747696248,0.7238993781368546,0.1896781033672298
full,226,0.5438173804793013,0.7214299148155497,0.17761253433624846
full,227,0.5647165222548078,0.7238507903227723,0.1591342680679645
full,228,0.5559157827852698,0.7130092113801976,0.1570934285949278
full,229,0.5707440105412293,0.7227216627843996,0.1519776522431704
full,230,0.5419789379422544,0.7223326845312852,0.1803537465890308
full,231,0.553860552778786,0.7249812115165205,0.17112065873773452
full,232,0.5407903768104855,0.724730987929321,0.18394061111883553
full,233,0.5359796386943175,0.7203857481467154,0.18440610945239788
full,234,0.5423511455202167,0.7242235162193228,0.1818723706991061
full,235,0.5705455582702309,0.723854019225928,0.15330846095569706
full,236,0.5609439644342404,0.7237874547592115,0.16284349032497103
full,237,0.5252409963680152,0.7101514267103219,0.1849104303423067
full,238,0.5509870417925528,0.7159461935033676,0.16495915171081488
full,239,0.5501446325118059,0.7163063098962233,0.16616167738441745
full,240,0.5269330125048788,0.7143140675978868,0.18738105509300806
full,241,0.5465008719476894,0.7150496788356846,0.16854880688799523
full,242,0.5465377875636003,0.7264832810917211,0.17994549352812084
full,243,0.5458657901897154,0.7187127971232024,0.17284700693348698
full,244,0.5488620718681984,0.7126115635636434,0.16374949169544506
full,245,0.5485131436974863,0.7185795819908593,0.17006643829337298
full,246,0.5424719516398869,0.721713724278026,0.17924177263813912
full,247,0.5560609813540528,0.7302120395201062,0.17415105816605336
full,248,0.5488761265250638,0.7199719411874206,0.1710958146623568
full,249,0.5465261979414919,0.7189833971111993,0.17245719916970736
full,250,0.5510346974455865,0.7242200693761637,0.17318537193057715
full,251,0.5399303593656838,0.7178626548233961,0.17793229545771228
full,252,0.535712431859001,0.7233429165689417,0.1876304847099407
full,253,0.539733929757256,0.7207865121901595,0.18105258243290356
full,254,0.5485495445595577,0.7246073164565918,0.1760577718970341
full,255,0.523465615209388,0.7138819576014689,0.19041634239208094
full,256,0.5615683617993054,0.7199699174060942,0.1584015556067888
full,257,0.5565508582133927,0.7252796835534692,0.1687288253400765
full,258,0.5407119469279447,0.7192885773393175,0.17857663041137284
full,259,0.5478208884079317,0.7216721373715351,0.17385124896360338
full,260,0.5533349040304595,0.7214355680927151,0.16810066406225566
full,261,0.5615826092701517,0.7314288056422669,0.16984619637211518
full,262,0.5397977675113921,0.7219218767577947,0.18212410924640265
full,263,0.5603275806542853,0.714942511853128,0.15461493119884262
full,264,0.5391979857463056,0.7244408622434003,0.1852428764970947
full,265,0.5415233224776793,0.7185881733395268,0.17706485086184753
full,266,0.5302726743941836,0.7202813229517514,0.19000864855756783
full,267,0.5262234717883824,0.7213349748877328,0.19511150309935044
full,268,0.5586287941595761,0.7274760934012505,0.1688472992416744
full,269,0.540849153381126,0.7221373911190022,0.18128823773787617
full,270,0.5396558428217854,0.723271365197978,0.1836155223761926
full,271,0.5348100944313373,0.719266106708792,0.18445601227745467
full,272,0.5486749735837488,0.7180256633591239,0.16935068977537504
full,273,0.5645156298383982,0.7195595508902094,0.1550439210518112
full,274,0.5567632406998482,0.7207079954784007,0.16394475477855253
full,275,0.5614449155339799,0.7231223249453904,0.1616774094114105
full,276,0.5320036484577051,0.7088856122095007,0.17688196375179566
full,277,0.5575330290650464,0.7229791503710209,0.16544612130597447
full,278,0.540085939686113,0.7188835203674925,0.17879758068137952
full,279,0.520225583837732,0.7209931729602344,0.20076758912250237
full,280,0.5401830372634986,0.7223578348721509,0.1821747976086523
full,281,0.5261833389888629,0.7217245652413803,0.19554122625251735
full,282,0.5378968344795448,0.7176023310063859,0.1797054965268411
full,283,0.5348991193694496,0.7228492187688969,0.1879500993994473
full,284,0.5432494943603554,0.7175685393964196,0.1743190450360642
full,285,0.5400091580395493,0.72084818946512,0.18083903142557067
full,286,0.5401778184343298,0.7192553251170825,0.17907750668275269
full,287,0.5477079112437341,0.7295313945773274,0.18182348333359333
full,288,0.5602560814797501,0.7203981701391436,0.1601420886593935
full,289,0.5545956993963801,0.7308595071014518,0.17626380770507166
full,290,0.5397308186047965,0.7180803503062424,0.17834953170144585
full,291,0.5300875750433326,0.7195434090746499,0.18945583403131727
full,292,0.5278690786959835,0.7190060020201406,0.1911369233241571
full,293,0.5311271964504192,0.725604161051337,0.1944769646009178
full,294,0.5419045036616762,0.7256730624616504,0.18376855879997422
full,295,0.5421040468739948,0.7223368273147172,0.18023278044072233
full,296,0.5380855544178229,0.7266511367372641,0.1885655823194412
full,297,0.552910383432043,0.7128774117097557,0.1599670282777127
full,298,0.5437625079413504,0.7254715797631116,0.18170907182176121
full,299,0.5541107044919709,0.7177650229685946,0.1636543184766237
full,300,0.5499328746826315,0.7267283358794786,0.17679546119684708
full,301,0.5624615069148298,0.7231886374270999,0.16072713051227017
full,302,0.5621846449652705,0.7208057291950677,0.15862108422979715
full,303,0.5367499067677081,0.7223122222163052,0.18556231544859714
full,304,0.5294983450536299,0.7124051332901354,0.18290678823650552
full,305,0.5275357668691143,0.7285047545228412,0.20096898765372695
full,306,0.5417666252502688,0.7193210042502362,0.1775543789999674
full,307,0.5609842506803198,0.7217467267643383,0.1607624760840185
full,308,0.5343650998809301,0.7175984619043567,0.18323336202342666
full,309,0.5622765067970215,0.7175443336398101,0.15526782684278861
full,310,0.5360785003530805,0.7177583509689743,0.18167985061589387
full,311,0.5377721772055644,0.7191850226465529,0.18141284544098857
full,312,0.5431922759641805,0.72049497799448,0.17730270203029952
full,313,0.5140117964837336,0.7174772151264409,0.20346541864270729
full,314,0.5420667291651301,0.7138869965610621,0.17182026739593204
full,315,0.5559366539189905,0.723567490598515,0.1676308366795245
full,316,0.5517143518661435,0.7194218223857584,0.16770747051961488
full,317,0.5430335647281956,0.7211133523210466,0.17807978759285092
full,318,0.5298208630886196,0.7085796498406293,0.17875878675200962
full,319,0.5528735848245978,0.7161835865677978,0.16331000174319998
full,320,0.5504003811481755,0.7238577385277032,0.17345735737952772
full,321,0.5244282524428991,0.7245150750504213,0.2000868226075222
full,322,0.5627991099216793,0.7219737109777251,0.15917460105604586
full,323,0.5393625587055784,0.7210824202792205,0.18171986157364217
full,324,0.5438306048332608,0.728183981836232,0.18435337700297116
full,325,0.5414237608460424,0.7159832917836834,0.17455953093764098
full,326,0.5478807127243562,0.7202235780514813,0.17234286532712506
full,327,0.5404667807706065,0.7161723288263931,0.17570554805578664
full,328,0.5238024136551092,0.7185784345689749,0.1947760209138657
full,329,0.5436362350895917,0.7168437974087383,0.17320756231914658
full,330,0.5418574168397279,0.7243149429786897,0.18245752613896182
full,331,0.5441080306536293,0.7261397650050438,0.1820317343514145
full,332,0.5332473668136934,0.7193357060215307,0.1860883392078373
full,333,0.5500248266908566,0.7201623527655477,0.17013752607469113
full,334,0.5385201519604323,0.7261404006906456,0.1876202487302132
full,335,0.5662514251109432,0.717024298714875,0.15077287360393188
full,336,0.5333159556351974,0.7274269047525391,0.19411094911734172
full,337,0.5501042490224536,0.7145105363083134,0.16440628728585982
full,338,0.5452970466096496,0.7236738670529489,0.17837682044329928
full,339,0.533950556438941,0.7210727555899138,0.18712219915097283
full,340,0.5262800708507686,0.723125173517974,0.19684510266720545
full,341,0.5452731590732197,0.7254786536393499,0.18020549456613022
full,342,0.5549096724260454,0.7248681137406999,0.16995844131465454
full,343,0.5435434592838212,0.7180543505784736,0.17451089129465236
full,344,0.5651912925755507,0.7125204750547408,0.14732918247919013
full,345,0.5517454250215984,0.7200535386735087,0.16830811365191034
full,346,0.5377217151179567,0.7192494432018045,0.18152772808384776
full,347,0.5414841862548303,0.718310393336259,0.1768262070814287
full,348,0.5479328719306494,0.7311938834522631,0.18326101152161367
full,349,0.5361725900549517,0.7161843630141903,0.18001177295923865
full,350,0.5336006021647217,0.7212048028929305,0.18760420072820883
full,351,0.5283901281429276,0.7173363467519448,0.18894621860901717
full,352,0.5529880363557189,0.7175604400291447,0.16457240367342574
full,353,0.5537514178419415,0.7235969472261548,0.16984552938421327
full,354,0.5466104673456395,0.7102529891997896,0.16364252185415018
full,355,0.544682014667461,0.724126737921999,0.17944472325453797
full,356,0.5540067115896242,0.7236943171646824,0.16968760557505813
full,357,0.5412607098587112,0.731870559976747,0.19060985011803577
full,358,0.5344164304157016,0.7128255457208278,0.17840911530512615
full,359,0.5676837001308715,0.725528941526801,0.15784524139592948
full,360,0.5424941756539766,0.7197128958488982,0.17721872019492158
full,361,0.5564047945954456,0.7303298251707561,0.1739250305753105
full,362,0.5299388775827208,0.7190063154635049,0.18906743788078406
full,363,0.5527059993945181,0.7295376948890054,0.1768316954944873
full,364,0.561915513795911,0.7181512394502862,0.15623572565437527
full,365,0.5457771726541583,0.7178788054673102,0.17210163281315194
full,366,0.5597423532457386,0.7194551010421731,0.15971274779643452
full,367,0.5589415346256105,0.7195263043890374,0.16058476976342695
full,368,0.5521987619855397,0.7159582448529912,0.16375948286745146
full,369,0.5338186756106612,0.7171018859938518,0.18328321038319062
full,370,0.5315538758408292,0.7206484771279859,0.1890946012871566
full,371,0.5468885789246671,0.7168013517861364,0.16991277286146922
full,372,0.5348475116256722,0.7131429790603835,0.17829546743471125
full,373,0.5516633418763112,0.7125457658839323,0.1608824240076211
full,374,0.5418792964138627,0.7210694165346105,0.17919012012074786
full,375,0.5418759683688456,0.7192803821309997,0.1774044137621541
full,376,0.553685030466143,0.7157201790354623,0.16203514856931922
full,377,0.5249850749275718,0.7161216881502245,0.19113661322265263
full,378,0.538160613376132,0.715541277968319,0.17738066459218704
full,379,0.5503377247984429,0.7146237687186835,0.1642860439202406
full,380,0.5532922333566576,0.7207506870056393,0.1674584536489817
full,381,0.5357778857471193,0.724904182520959,0.18912629677383974
full,382,0.5612825012862358,0.7212710465253868,0.15998854523915096
full,383,0.5493502075857359,0.716811996473305,0.16746178888756902
full,384,0.54154276284735,0.7197080494963907,0.17816528664904063
full,385,0.5287296197779618,0.7276090695491155,0.19887944977115368
full,386,0.5066468042562934,0.7250924153352887,0.2184456110789953
full,387,0.5475251574795708,0.7248596649564154,0.17733450747684465
full,388,0.5529303890886988,0.7283075586277257,0.17537716953902682
full,389,0.5289251763263187,0.7210919122993062,0.1921667359729875
full,390,0.5592572088860898,0.726431832043279,0.16717462315718923
full,391,0.5531306493917029,0.7229636263571056,0.16983297696540278
full,392,0.5426732756377555,0.71259758484858,0.16992430921082458
full,393,0.5638778326405394,0.7211269427632231,0.15724911012268372
full,394,0.5432876811976126,0.7219919763657864,0.17870429516817377
full,395,0.5346114384315778,0.7166349124698403,0.18202347403826258
full,396,0.5477104320626467,0.7180900732691394,0.17037964120649274
full,397,0.5383952162361065,0.7230359278013174,0.1846407115652109
full,398,0.5430994574631964,0.7284627377732176,0.18536328031002114
full,399,0.5418758803503059,0.7206385786461502,0.17876269829584435
full,400,0.5393139632737559,0.7283956433649489,0.18908168009119297
full,401,0.543697242698634,0.7160883510498124,0.17239110835117843
full,402,0.5593264101573178,0.7224900334062762,0.1631636232489584
full,403,0.5350497461633846,0.7203141774712053,0.18526443130782067
full,404,0.5438357640259937,0.7302030603058349,0.18636729627984128
full,405,0.532971549201201,0.7159993024620559,0.18302775326085485
full,406,0.5400807689901649,0.7244422453013445,0.1843614763111796
full,407,0.5429281586201745,0.7236473182594251,0.18071915963925056
full,408,0.5353547642494696,0.7252266121154124,0.1898718478659428
full,409,0.5181915275568659,0.7210676610184772,0.20287613346161126
full,410,0.5714204194898881,0.7259143082104108,0.15449388872052272
full,411,0.5271435613002249,0.7185470252641828,0.1914034639639579
full,412,0.5344960334781569,0.7199330906427299,0.18543705716457304
full,413,0.5303071417932412,0.7248505782351232,0.194543436441882
full,414,0.5184711542264352,0.7273455086577996,0.20887435443136437
full,415,0.5551123958250846,0.7242896388225586,0.16917724299747394
full,416,0.561813650999299,0.7291516444591487,0.16733799345984968
full,417,0.5497822215320108,0.7206996197778096,0.17091739824579877
full,418,0.5535494528137489,0.722351701930244,0.1688022491164951
full,419,0.5421973668245343,0.7204985989233658,0.17830123209883142
full,420,0.5568505994780129,0.7175616047530056,0.1607110052749927
full,421,0.5330333259589477,0.714068362324879,0.18103503636593132
full,422,0.5602729440831927,0.7236536445003356,0.16338070041714292
full,423,0.5400170778522914,0.717002221641033,0.17698514378874164
full,424,0.5482294012010981,0.7254686165110158,0.1772392153099177
full,425,0.5148280073372704,0.7172013022897954,0.20237329495252498
full,426,0.5496500664875964,0.724285336545521,0.17463527005792456
full,427,0.553804362893099,0.714834942922063,0.16103058002896398
full,428,0.5292988674571736,0.7264738255171478,0.1971749580599742
full,429,0.5381904967920199,0.7183955282880203,0.18020503149600042
full,430,0.5591219764758377,0.7208372759455991,0.16171529946976138
full,431,0.5460608775867557,0.7271154710653467,0.18105459347859099
full,432,0.5382344583417733,0.7276572800672189,0.18942282172544556
full,433,0.5517034128956035,0.7252149852256398,0.17351157233003622
full,434,0.5518939588511379,0.720070487994166,0.16817652914302805
full,435,0.5475037459755818,0.7259293158896816,0.17842556991409975
full,436,0.5361084829021016,0.715074586121306,0.17896610321920448
full,437,0.5546823313435074,0.7186372599556395,0.16395492861213212
full,438,0.5646929954385483,0.7260504033775077,0.16135740793895936
full,439,0.5510195723735741,0.7159307595242991,0.16491118715072495
full,440,0.5464441138043981,0.7180447938780979,0.17160068007369988
full,441,0.5430584517975973,0.7208840636918777,0.17782561189428048
full,442,0.5581791453464509,0.7266200250309561,0.16844087968450527
full,443,0.5221696787326789,0.7157223768942368,0.19355269816155785
full,444,0.5219870821490801,0.7221163489587679,0.2001292668096878
full,445,0.5301754402561357,0.7246991310122887,0.19452369075615294
full,446,0.5525115233393348,0.7224539504255564,0.16994242708622154
full,447,0.5496463369799539,0.7251295111350254,0.17548317415507153
full,448,0.5594194806794381,0.7126606393957372,0.15324115871629906
full,449,0.5192269600117428,0.7191264454377759,0.19989948542603309
full,450,0.5393367898206075,0.7212280524448317,0.18189126262422417
full,451,0.5545459832311818,0.719395309566336,0.16484932633515426
full,452,0.562317237916695,0.7154415712163021,0.15312433329960717
full,453,0.5430936474312358,0.7244468416198647,0.18135319418862894
full,454,0.5467895656735087,0.7202849785876673,0.1734954129141586
full,455,0.5584018045442382,0.7233906856589285,0.16498888111469034
full,456,0.5379097028521417,0.7220799786664184,0.1841702758142767
full,457,0.5476009939319991,0.7218398651549671,0.174238871222968
full,458,0.5492162968725353,0.715371389402762,0.16615509253022676
full,459,0.5604992091358658,0.7235801124749301,0.16308090333906433
full,460,0.5433730213913041,0.715479733407399,0.17210671201609495
full,461,0.5393312352510615,0.7261189409449034,0.18678770569384184
full,462,0.5292269684010209,0.7161146522464183,0.18688768384539745
full,463,0.5276504114558361,0.7245564485277941,0.19690603707195797
full,464,0.5285133821304064,0.7171683240477944,0.18865494191738796
full,465,0.5431011630168087,0.7204733792091912,0.17737221619238253
full,466,0.5255311674392468,0.7202318285297807,0.19470066109053397
full,467,0.5500090772161834,0.7237577270323551,0.17374864981617166
full,468,0.5460196691393073,0.7163430306297466,0.17032336149043925
full,469,0.5543858371664694,0.7176002138528597,0.16321437668639027
full,470,0.5262391200922785,0.7232417610069465,0.19700264091466801
full,471,0.5281445236815993,0.7199559096865595,0.19181138600496028
full,472,0.549812591479498,0.7189900936259813,0.1691775021464833
full,473,0.5368785427410512,0.7230004191187327,0.18612187637768152
full,474,0.5373760238144708,0.7181566276119803,0.1807806037975095
full,475,0.5375726682936206,0.7266813880879416,0.18910871979432098
full,476,0.5551717836910172,0.7179426485994737,0.1627708649084565
full,477,0.5616245127239606,0.7227287255848454,0.16110421286088472
full,478,0.5383516915680345,0.7229571098252008,0.18460541825716625
full,479,0.5560723469231775,0.7241892294887717,0.1681168825655942
full,480,0.5560839659934621,0.71834414115376,0.1622601751602979
full,481,0.5642558032068087,0.7172601140130037,0.15300431080619503
full,482,0.5397823210328402,0.720047086122748,0.18026476508990785
full,483,0.5485119037956512,0.7272142146736613,0.17870231087801014
full,484,0.5323550418318451,0.7260482403127232,0.19369319848087807
full,485,0.5600732074074538,0.7269404591705064,0.16686725176305262
full,486,0.5418715551542078,0.7223659390965802,0.18049438394237238
full,487,0.5097194321816912,0.7236360683685972,0.21391663618690593
full,488,0.5138874729340988,0.7257796706764548,0.21189219774235601
full,489,0.527272922678548,0.7180333595074518,0.19076043682890387
full,490,0.5236808048832478,0.7245175349066731,0.2008367300234254
full,491,0.54734468220307,0.7211731982253123,0.17382851602224236
full,492,0.5530740041688028,0.7251331743277648,0.172059170158962
full,493,0.5378714673762468,0.7245664247143345,0.18669495733808772
full,494,0.5481902477492686,0.7210233016167472,0.1728330538674786
full,495,0.5213819192221247,0.7230916754760508,0.20170975625392606
full,496,0.5521707144241306,0.7244480530250494,0.17227733860091887
full,497,0.5498187732009404,0.7249489215531647,0.1751301483522243
full,498,0.5379646030461884,0.7212895528775529,0.1833249498313645
full,499,0.537139637918792,0.7152812597178293,0.17814162179903725
full,500,0.5423993348189924,0.7201209958430878,0.17772166102409537
full,501,0.5401373191556206,0.7243069949393862,0.18416967578376564
full,502,0.5429002017332902,0.7214853928454261,0.1785851911121359
full,503,0.5522808765509435,0.7144781804732163,0.16219730392227283
full,504,0.5455998515468796,0.7270932148814104,0.1814933633345308
full,505,0.5390941469454319,0.7185764256526881,0.1794822787072562
full,506,0.5526650444148676,0.7142860484094271,0.16162100399455948
full,507,0.5259970392570626,0.7199528538144212,0.19395581455735855
full,508,0.5500334736858773,0.7183838245953162,0.16835035090943895
full,509,0.54689846319964,0.7201274693682372,0.17322900616859727
full,510,0.5280332495828115,0.7248780427648513,0.19684479318203985
full,511,0.539419713509249,0.7099093870492887,0.17048967354003974
full,512,0.5563591185871527,0.7197678580373232,0.16340873945017054
full,513,0.5460924268594026,0.7118071239977358,0.1657146971383332
full,514,0.5378179321329756,0.7257861601733088,0.1879682280403332
full,515,0.5455301558946435,0.7154298891731738,0.16989973327853036
full,516,0.5508467707723033,0.7192536879972711,0.1684069172249678
full,517,0.5472460196984189,0.7232159831791372,0.17596996348071825
full,518,0.5406767638399828,0.7232191995774244,0.18254243573744167
full,519,0.5372244704989498,0.7200084978984724,0.1827840273995226
full,520,0.525985905001392,0.7200307598076893,0.1940448548062973
full,521,0.5573320753499262,0.727062532199071,0.16973045684914478
full,522,0.5401285846113527,0.7165586750449031,0.1764300904335504
full,523,0.55260203126957,0.7173175929751102,0.16471556170554025
full,524,0.5521334294638262,0.7328505444132049,0.1807171149493787
full,525,0.5479113581470803,0.7293802294209216,0.18146887127384137
full,526,0.5447944460585068,0.7256846673375618,0.18089022127905496
full,527,0.5455730469575512,0.7191296663991814,0.17355661944163026
full,528,0.5267338980091253,0.7198358626063078,0.19310196459718254
full,529,0.5506886608963857,0.7255567399247188,0.17486807902833312
full,530,0.5613073621204581,0.7155311804527869,0.1542238183323288
full,531,0.5381632447493722,0.7205916303408384,0.18242838559146624
full,532,0.5274052728510882,0.7191047761286024,0.19169950327751417
full,533,0.5500812765550637,0.7268221609550412,0.17674088439997748
full,534,0.5286137357729854,0.7285120496004346,0.19989831382744916
full,535,0.5498035995095657,0.709970798785293,0.1601671992757273
full,536,0.5366775989765298,0.7188822868869479,0.1822046879104181
full,537,0.5426035049619335,0.7214176677282217,0.17881416276628814
full,538,0.5282494329625197,0.7250069027827781,0.19675746982025843
full,539,0.5582463173206321,0.7167064438728058,0.15846012655217367
full,540,0.5424318155361846,0.7232124717661417,0.1807806562299571
full,541,0.5406299400618234,0.725698078078995,0.1850681380171716
full,542,0.5403778678131829,0.7143358723459934,0.17395800453281052
full,543,0.5474430219423972,0.7162820811782449,0.16883905923584763
full,544,0.5431721602006239,0.7172816574067348,0.1741094972061109
full,545,0.5406313677156475,0.7241253392049533,0.1834939714893058
full,546,0.540204562452207,0.7151897548995964,0.1749851924473893
full,547,0.5493172219927638,0.7221393773490343,0.17282215535627055
full,548,0.5463969453904198,0.7224249398674762,0.17602799447705642
full,549,0.533222545740635,0.7243130215116178,0.19109047577098282
full,550,0.5418165565818455,0.7209896099346685,0.17917305335282308
full,551,0.5398503684073618,0.7195641486289974,0.17971378022163564
full,552,0.5571702827596063,0.7251044397414668,0.16793415698186043
full,553,0.5458046420392598,0.7235884587565258,0.17778381671726595
full,554,0.5483705569253245,0.7156266915409109,0.1672561346155863
full,555,0.5382373984453773,0.7194416811609549,0.18120428271557754
full,556,0.5515040115630204,0.7195422151844408,0.1680382036214204
full,557,0.5579967683882152,0.7122480770695465,0.1542513086813313
full,558,0.5545927942452642,0.722323300020768,0.16773050577550386
full,559,0.5463207301465737,0.7223719522970465,0.17605122215047286
full,560,0.564399982751001,0.726863130140447,0.162463147389446
full,561,0.5527460280093789,0.7283588841432608,0.1756128561338819
full,562,0.555869910449277,0.7185405418489679,0.16267063139969085
full,563,0.5712672865510345,0.7201688956073481,0.14890160905631356
full,564,0.5372097251427284,0.7209233691519821,0.18371364400925372
full,565,0.5482199285339339,0.7230214549033511,0.17480152636941726
full,566,0.5303808454813709,0.7204362522474057,0.19005540676603483
full,567,0.5682296162507812,0.7149831308529199,0.1467535146021387
full,568,0.5397643534350417,0.7266630617939787,0.18689870835893696
full,569,0.5505522449481617,0.7247377377310519,0.1741854927828902
full,570,0.5585902218425134,0.7147285726921245,0.15613835084961114
full,571,0.5426068195383469,0.722323822418809,0.1797170028804621
full,572,0.5239252730423973,0.7270951204977485,0.20316984745535116
full,573,0.5455749890467588,0.7260888737216808,0.18051388467492202
full,574,0.5395202259565998,0.7098689739315618,0.17034874797496202
full,575,0.5412298517258258,0.720152452360811,0.17892260063498522
full,576,0.5619445554855557,0.72233927313578,0.16039471765022428
full,577,0.5669516897443058,0.7229806018761626,0.15602891213185688
full,578,0.5333570863755479,0.7287801518289029,0.19542306545335497
full,579,0.5362847190781183,0.7299165871916117,0.19363186811349342
full,580,0.5542456966024493,0.7157195316171965,0.1614738350147472
full,581,0.5271457700745071,0.7243747296300704,0.1972289595555633
full,582,0.5676110464240314,0.7190092493500045,0.15139820292597317
full,583,0.5411572918610941,0.7268373817741,0.18568008991300589
full,584,0.5584021068517768,0.7249157345515798,0.16651362769980294
full,585,0.5505726431316226,0.7221878408022531,0.1716151976706305
full,586,0.545886210038651,0.7275782249769421,0.18169201493829112
full,587,0.5574350650836392,0.7170283008996617,0.15959323581602258
full,588,0.5369757767961143,0.7242950674783082,0.18731929068219388
full,589,0.55386372752536,0.7137777707670712,0.1599140432417112
full,590,0.53705598620076,0.7204065895141233,0.18335060331336328
full,591,0.540685530385332,0.7155622944828777,0.1748767640975457
full,592,0.5682487989014563,0.7156465198720465,0.14739772097059023
full,593,0.5257049653051826,0.7154519518715146,0.18974698656633193
full,594,0.522139910525034,0.7131247541417541,0.1909848436167202
full,595,0.5352922185784041,0.7217509588514083,0.18645874027300413
full,596,0.5499966209721534,0.7238852338228016,0.17388861285064816
full,597,0.5278299098950064,0.7241567205318175,0.196326810636811
full,598,0.532611137340527,0.7151405575438505,0.18252942020332352
full,599,0.5446169187585427,0.7182995451158363,0.1736826263572936
full,600,0.5544267321358552,0.7117994964664924,0.15737276433063718
full,601,0.5353142898185389,0.7122971509640391,0.17698286114550021
full,602,0.5374940552537684,0.7194238263889557,0.18192977113518738
full,603,0.5324244440944793,0.715208013211054,0.18278356911657467
full,604,0.5397966103765275,0.7171960271690857,0.17739941679255822
full,605,0.5326641759422099,0.7264171162292961,0.19375294028708612
full,606,0.5330738768727042,0.7182232188144302,0.18514934194172594
full,607,0.5425851733172897,0.7300466018685314,0.1874614285512417
full,608,0.5436615366038319,0.721635561808951,0.17797402520511918
full,609,0.5357633106814387,0.7279683549641089,0.19220504428267027
full,610,0.5186204675504897,0.7234303118834545,0.20480984433296479
full,611,0.5559779227594092,0.7256898495668079,0.16971192680739877
full,612,0.5518478630933238,0.7284416270000523,0.17659376390672854
full,613,0.5524240261026381,0.7125973971998542,0.16017337109721608
full,614,0.5238687984152496,0.7213717015381872,0.1975029031229376
full,615,0.5418162888169789,0.7261364981937526,0.18432020937677374
full,616,0.5386343183262776,0.7188720819727732,0.18023776364649557
full,617,0.5509933261153758,0.7163549999628711,0.16536167384749534
full,618,0.5273256268506453,0.7112234301758819,0.18389780332523653
full,619,0.5444540289452393,0.7225107721947897,0.17805674324955034
full,620,0.5166032888206972,0.7137051427393442,0.19710185391864699
full,621,0.5337392686297875,0.7252749656253812,0.1915356969955937
full,622,0.5394884109597483,0.718304240378803,0.17881582941905472
full,623,0.5501598916219403,0.7161645240202134,0.166004632398273
full,624,0.5450093316570201,0.7167859571584204,0.17177662550140027
full,625,0.5461342539140809,0.7289237651766424,0.1827895112625615
full,626,0.5456905538160394,0.7181134948225804,0.172422941006541
full,627,0.5547136514867587,0.7124149216369738,0.15770127015021518
full,628,0.5301959182200943,0.7199653033928891,0.18976938517279485
full,629,0.5533596541890601,0.7278501153901455,0.17449046120108547
full,630,0.539064569184216,0.7146680423975339,0.17560347321331793
full,631,0.5524479974253598,0.7214057295298753,0.16895773210451548
full,632,0.5447725959242512,0.725136427562104,0.18036383163785275
full,633,0.5470846305444581,0.7153841716371546,0.16829954109269651
full,634,0.541491100160912,0.7220832911207297,0.1805921909598177
full,635,0.5492687851856223,0.7235291755583078,0.17426039037268548
full,636,0.5678186657409192,0.7217650940853093,0.1539464283443901
full,637,0.5268151759761696,0.712614573435132,0.18579939745896246
full,638,0.5727557832271731,0.7243190014363727,0.1515632182091996
full,639,0.5333104905053808,0.7286128862897437,0.19530239578436293
full,640,0.5460350170888848,0.712827903350673,0.16679288626178823
full,641,0.5467768517746946,0.7226048804177242,0.1758280286430296
full,642,0.5392364500616156,0.71292442797005,0.17368797790843438
full,643,0.5427050343669587,0.7170368939438444,0.17433185957688568
full,644,0.5462972945268013,0.7142689829398087,0.16797168841300736
full,645,0.5223592972503387,0.7203666135510466,0.1980073163007079
full,646,0.5436562261347816,0.7209526528432408,0.17729642670845924
full,647,0.5532304029855266,0.72280659071823,0.16957618773270333
full,648,0.5572469313195646,0.7191875169174907,0.16194058559792612
full,649,0.5321411602688789,0.7212780634882656,0.1891369032193867
full,650,0.5488126847052736,0.7174870897093265,0.16867440500405295
full,651,0.5443923234939372,0.7202701992597368,0.1758778757657996
full,652,0.5317652669092614,0.7223747600162945,0.19060949310703312
full,653,0.5494319641852309,0.7173858449772209,0.16795388079199003
full,654,0.5547434515825802,0.7270403742638863,0.17229692268130614
full,655,0.5540030444249621,0.7147773707272197,0.16077432630225763
full,656,0.5407111117356281,0.7130876396663639,0.17237652793073577
full,657,0.5270221022227938,0.7195186213382608,0.19249651911546706
full,658,0.5385441426404202,0.7225842187111859,0.18404007607076578
full,659,0.5534921560355263,0.7278181624225922,0.17432600638706597
full,660,0.5497141386593432,0.7230088364269045,0.17329469776756135
full,661,0.5169440379235674,0.7156495276252248,0.19870548970165747
full,662,0.5431899305707018,0.7321436875498404,0.18895375697913863
full,663,0.5335962158906347,0.720892388669271,0.1872961727786363
full,664,0.5336778036864753,0.7298096577274101,0.1961318540409348
full,665,0.5452717536023229,0.7204561627148439,0.17518440911252098
full,666,0.5441466756645237,0.7183428600035783,0.1741961843390546
full,667,0.5341377102960307,0.7174440232529417,0.1833063129569109
full,668,0.5275606309229542,0.7201212991186651,0.19256066819571083
full,669,0.547506419158184,0.7161199549524591,0.16861353579427507
full,670,0.5855945555064606,0.7200425672609962,0.1344480117545357
full,671,0.5402491963958823,0.7228765806260002,0.18262738423011793
full,672,0.5320565616202958,0.7280722967190086,0.19601573509871284
full,673,0.5360048049003652,0.7200865661887453,0.18408176128838016
full,674,0.5455966375991136,0.7226552584268091,0.17705862082769552
full,675,0.5359224659663636,0.7256822172284287,0.18975975126206512
full,676,0.5554970499178039,0.7243138865497287,0.16881683663192482
full,677,0.5420334546234057,0.7131856770762999,0.1711522224528942
full,678,0.5492998936008686,0.7240782123908922,0.1747783187900236
full,679,0.5263495020162287,0.7211112428189435,0.1947617408027148
full,680,0.5363602115627143,0.7185895175019135,0.18222930593919917
full,681,0.5290431433183417,0.7158704384068952,0.18682729508855356
full,682,0.5372983615724788,0.7238417012205269,0.18654333964804815
full,683,0.5410027298457974,0.7214076634384448,0.1804049335926473
full,684,0.5158396092860473,0.7207107268544757,0.20487111756842835
full,685,0.565948783024272,0.7201275300352642,0.1541787470109922
full,686,0.5446255543574622,0.722619746626166,0.17799419226870383
full,687,0.5598571493189425,0.7247181881359268,0.16486103881698433
full,688,0.5319934796749303,0.7192108403004844,0.18721736062555416
full,689,0.5404651457845708,0.7256080435921208,0.18514289780755
full,690,0.5444995494021949,0.7238214062681423,0.17932185686594737
full,691,0.5216298334968986,0.7154629930465559,0.1938331595496573
full,692,0.5550426674035648,0.7120459504676871,0.15700328306412237
full,693,0.566280494528692,0.7221465678609854,0.1558660733322934
full,694,0.5485358148689141,0.715000295037111,0.16646448016819693
full,695,0.5632352069181789,0.7240923026404654,0.16085709572228657
full,696,0.5567061760732783,0.7219717782535043,0.165265602180226
full,697,0.5231612123229746,0.7175662150898187,0.19440500276684403
full,698,0.5643775684188325,0.7149535745631431,0.15057600614431066
full,699,0.5429789395405155,0.716628553614681,0.17364961407416557
full,700,0.5550487746338661,0.7223831101565791,0.16733433552271293
full,701,0.5595552007073982,0.7251896495618629,0.16563444885446477
full,702,0.5576676598177683,0.7133397311740679,0.15567207135629957
full,703,0.5426303031015213,0.7214195480713779,0.1787892449698566
full,704,0.555671435260861,0.7213185947074476,0.1656471594465866
full,705,0.5380696350622614,0.7226149835851675,0.18454534852290616
full,706,0.5571341094367885,0.7198906746711173,0.1627565652343288
full,707,0.5556530179298724,0.7162727338480827,0.16061971591821023
full,708,0.5347076003894724,0.722281408763294,0.18757380837382165
full,709,0.5520444434635784,0.7192524649353336,0.16720802147175517
full,710,0.5431115986597652,0.7141691939962648,0.17105759533649956
full,711,0.5470932385191133,0.7176077846787078,0.1705145461595945
full,712,0.5410106981353348,0.7182557501890466,0.17724505205371188
full,713,0.5408922922390534,0.7234179702996225,0.18252567806056907
full,714,0.5261578088722421,0.7274541716964896,0.20129636282424757
full,715,0.5390001276100407,0.7213855153364184,0.1823853877263777
full,716,0.5529092850977569,0.7209688791830363,0.16805959408527937
full,717,0.5444644896083667,0.7244655152648842,0.18000102565651754
full,718,0.5580332602368377,0.7132863616970105,0.1552531014601728
full,719,0.5407189837655374,0.7096030211356223,0.16888403737008495
full,720,0.5632647242590038,0.7282855562062173,0.1650208319472135
full,721,0.5425677828827857,0.7205612448533623,0.17799346197057653
full,722,0.5316502935134754,0.7136265411823163,0.1819762476688409
full,723,0.5541434206308058,0.7213152701894997,0.1671718495586939
full,724,0.536694439976524,0.7240882298937337,0.18739378991720967
full,725,0.5367698853765306,0.7219787741408227,0.1852088887642921
full,726,0.5429244412032593,0.7245755191801784,0.18165107797691904
full,727,0.5328170870028354,0.7219722142461847,0.18915512724334937
full,728,0.538673950897176,0.7178319107273234,0.17915795983014748
full,729,0.5386845490145339,0.7193597562281066,0.18067520721357266
full,730,0.544590930236492,0.7192058611991924,0.17461493096270042
full,731,0.5585771411276796,0.7167649981900669,0.15818785706238725
full,732,0.5275432341732132,0.7122592708085915,0.18471603663537828
full,733,0.5204975855245574,0.7220619548824664,0.201564369357909
full,734,0.5560095587871934,0.7219037725418681,0.16589421375467472
full,735,0.5471886544147723,0.7155928461698596,0.16840419175508736
full,736,0.5578473513582686,0.7194244587058242,0.1615771073475556
full,737,0.5510196177773399,0.7103585350600276,0.15933891728268768
full,738,0.5623107178161514,0.7164333524118042,0.15412263459565279
full,739,0.5508048545048254,0.7310722245565014,0.18026737005167603
full,740,0.5187793707125655,0.7208774996516213,0.20209812893905577
full,741,0.5505186342672379,0.7203968562125248,0.1698782219452869
full,742,0.5471341284667857,0.7184228898824296,0.17128876141564398
full,743,0.5625456179251322,0.7144795347083203,0.15193391678318802
full,744,0.5344622622528207,0.7285729586104047,0.19411069635758404
full,745,0.5533187474032136,0.7219742205671352,0.1686554731639216
full,746,0.5630906429492726,0.7237184650722838,0.1606278221230112
full,747,0.5497810898824884,0.72226036264999,0.17247927276750163
full,748,0.5539460025853464,0.7229641978078445,0.16901819522249806
full,749,0.5334571561395361,0.7210641091096476,0.18760695297011143
full,750,0.5510530024812691,0.7234882529151012,0.17243525043383212
full,751,0.5374586130133471,0.7305757515173791,0.193117138504032
full,752,0.5714988154738049,0.724399613039305,0.15290079756550012
full,753,0.5492784346332645,0.718048630481325,0.1687701958480604
full,754,0.5715421604931616,0.7222620129594908,0.15071985246632913
full,755,0.5529347251507382,0.7178922813629157,0.16495755621217756
full,756,0.5548510499147267,0.7175643273920872,0.16271327747736053
full,757,0.5475575520196609,0.7106685923807611,0.16311104036110013
full,758,0.5343159328659967,0.7237603617233145,0.18944442885731783
full,759,0.5426439117717334,0.7194380408313354,0.176794129059602
full,760,0.5624460199095059,0.7200275870304799,0.15758156712097393
full,761,0.5516541934750041,0.7176352143001569,0.16598102082515276
full,762,0.5378455895849252,0.7194545286717011,0.1816089390867759
full,763,0.5255540913993278,0.7286524708989542,0.2030983794996264
full,764,0.566364407870559,0.7186155554547953,0.1522511475842363
full,765,0.5394416769702947,0.7163717515116672,0.17693007454137255
full,766,0.5395263936895592,0.7156531404782306,0.17612674678867135
full,767,0.5457990262720169,0.7157466901072213,0.16994766383520432
full,768,0.5487348662261866,0.7262195988068452,0.17748473258065856
full,769,0.5425249492700372,0.7237577899217854,0.18123284065174816
full,770,0.5623071024591806,0.7202846855345879,0.15797758307540732
full,771,0.5288978180381577,0.7221154168908348,0.19321759885267709
full,772,0.5596195655845201,0.7217587947491338,0.16213922916461376
full,773,0.536419388253215,0.7215833079249606,0.1851639196717456
full,774,0.5471811022091725,0.7194092863145208,0.17222818410534835
full,775,0.5613856870571164,0.7246972311688744,0.16331154411175797
full,776,0.5406176218050853,0.7210868301258163,0.180469208320731
full,777,0.5334347461051158,0.7112800373293378,0.177845291224222
full,778,0.5481916095830158,0.7289651517382012,0.18077354215518537
full,779,0.5501441556631105,0.7209606379895946,0.17081648232648416
full,780,0.536514261551995,0.7197500337484762,0.18323577219648124
full,781,0.5441798032018582,0.7210154279806192,0.17683562477876102
full,782,0.5449764123933122,0.727205858015308,0.18222944562199583
full,783,0.5145467000186158,0.7230285218121875,0.20848182179357166
full,784,0.5469842075217433,0.7212513464659056,0.17426713894416235
full,785,0.5492729304094097,0.7149630335857379,0.16569010317632815
full,786,0.5548846074801916,0.7250333106151745,0.17014870313498287
full,787,0.5458416514923078,0.7267217578925632,0.18088010640025542
full,788,0.5385159494209689,0.7198481587533829,0.181332209332414
full,789,0.5358576528039887,0.720236464977425,0.18437881217343632
full,790,0.54536286491625,0.7267908754109477,0.1814280104946977
full,791,0.5433671334333084,0.723496714280807,0.18012958084749853
full,792,0.518596393496384,0.730048323203495,0.21145192970711102
full,793,0.5421633735916306,0.7168137290595784,0.17465035546794783
full,794,0.5750635880174236,0.7211175899241157,0.14605400190669204
full,795,0.5515209408405319,0.7217360892029413,0.17021514836240936
full,796,0.5418387933398786,0.72155811457553,0.17971932123565137
full,797,0.5532227900626461,0.718303632061668,0.16508084199902195
full,798,0.5482196479088425,0.7141832776147663,0.16596362970592382
full,799,0.5342694066508716,0.7149079663322634,0.18063855968139175
full,800,0.5525524532141477,0.7131602838360147,0.160607830621867
full,801,0.5363023338035078,0.7175019782833372,0.1811996444798294
full,802,0.5581688704249792,0.7244248302295748,0.16625595980459562
full,803,0.5509267241299055,0.7206255523527336,0.1696988282228281
full,804,0.5320510000057009,0.713433517322705,0.18138251731700406
full,805,0.5386858226053569,0.7233554627533005,0.18466964014794363
full,806,0.5566275135683433,0.7254182156923237,0.1687907021239804
full,807,0.5440131905285911,0.7150525151705706,0.17103932464197946
full,808,0.538690338215584,0.7155043669320175,0.17681402871643348
full,809,0.551933082283793,0.7244711074991822,0.1725380252153892
full,810,0.553494915663059,0.7194833922198907,0.1659884765568317
full,811,0.5434365728916943,0.7226158857696366,0.1791793128779423
full,812,0.5260966095453751,0.7203971073880748,0.19430049784269976
full,813,0.5574968978538433,0.7159365828495564,0.15843968499571315
full,814,0.5505171025159226,0.7221841262583467,0.17166702374242415
full,815,0.5474069390199124,0.7174180347884959,0.17001109576858342
full,816,0.546633169802239,0.7213358246417605,0.17470265483952152
full,817,0.5425640840166134,0.7255557058411336,0.18299162182452022
full,818,0.5408532518641722,0.7255686330743936,0.18471538121022135
full,819,0.5367594885033965,0.7156718730443997,0.17891238454100322
full,820,0.5444787041418336,0.7222180183918042,0.17773931424997058
full,821,0.5196995207791545,0.7281688831766931,0.20846936239753866
full,822,0.5430605509591871,0.7240634881770373,0.1810029372178501
full,823,0.5485159458571603,0.7260036587488173,0.177487712891657
full,824,0.5500290216476019,0.7172654258485125,0.16723640420091057
full,825,0.5324411826475093,0.7184727423172184,0.18603155966970908
full,826,0.5387280455657688,0.7191728790251654,0.18044483345939655
full,827,0.5519178028372418,0.7202219661832636,0.16830416334602183
full,828,0.5364825936665839,0.7228123401579959,0.18632974649141198
full,829,0.5635781962627787,0.719584253962633,0.15600605769985432
full,830,0.5374798738790149,0.721368793318273,0.18388891943925811
full,831,0.5446786389349771,0.7210785786346109,0.17639993969963375
full,832,0.5101776819148458,0.7148395260616279,0.20466184414678212
full,833,0.5454600418286891,0.727725190212492,0.18226514838380292
full,834,0.5344206064627408,0.7173319387082537,0.18291133224551293
full,835,0.5324208876258816,0.7182979369994215,0.18587704937353988
full,836,0.5225357330210387,0.7163936305201233,0.19385789749908455
full,837,0.5534686343914113,0.7178373783042612,0.16436874391284995
full,838,0.5512870809119861,0.7241370071683623,0.17284992625637619
full,839,0.5324260374006088,0.7311149618187385,0.1986889244181297
full,840,0.5411957106716113,0.7090084153920894,0.16781270472047805
full,841,0.5406086320026565,0.7112965192489548,0.17068788724629824
full,842,0.5571533229199007,0.7191875707750004,0.16203424785509968
full,843,0.5460442048887626,0.7268302555345166,0.18078605064575404
full,844,0.540040537501587,0.7177336214116068,0.1776930839100198
full,845,0.559052382251041,0.7239923630099788,0.1649399807589378
full,846,0.5586032884494562,0.7230600199929017,0.16445673154344553
full,847,0.5319813671802885,0.7179442850135823,0.18596291783329377
full,848,0.5568978244355639,0.722065763309066,0.16516793887350212
full,849,0.5441140856323271,0.7215499008652456,0.17743581523291851
full,850,0.5348051146234669,0.7179649299181187,0.18315981529465175
full,851,0.5375810438547037,0.721507379832384,0.18392633597768027
full,852,0.532090424942772,0.7260178443623561,0.19392741941958402
full,853,0.5496617242059995,0.7201403838192653,0.1704786596132658
full,854,0.5615628425472401,0.7178116358768727,0.1562487933296326
full,855,0.5478874041180058,0.7192475329121867,0.17136012879418083
full,856,0.5529114612974765,0.7191932841778734,0.16628182288039695
full,857,0.5633792390802771,0.7275403426196756,0.1641611035393985
full,858,0.5212797626720979,0.7217224127161421,0.20044265004404427
full,859,0.5534804998035833,0.722746547562014,0.16926604775843068
full,860,0.5387551585496123,0.7212374107079093,0.18248225215829694
full,861,0.5385607290046709,0.71893374207888,0.18037301307420905
full,862,0.5432106713093379,0.7265035168052261,0.1832928454958882
full,863,0.544441376826624,0.7232969034408557,0.17885552661423176
full,864,0.5498471746882131,0.7127846126687594,0.16293743798054627
full,865,0.5386527779528246,0.7133647351185034,0.17471195716567878
full,866,0.5385015893914034,0.7239678597994204,0.185466270408017
full,867,0.5669397294509521,0.718618753582933,0.15167902413198098
full,868,0.5382394323569916,0.7212946177990942,0.18305518544210264
full,869,0.5456276156488447,0.717589992995962,0.1719623773471174
full,870,0.5295186432939717,0.7200702384567547,0.19055159516278297
full,871,0.5007321407350005,0.7180175764186195,0.21728543568361902
full,872,0.5605241410465698,0.70731590804066,0.14679176699409024
full,873,0.5427150468371934,0.7185829353073675,0.1758678884701741
full,874,0.5424005699457914,0.7218999316696106,0.1794993617238192
full,875,0.5613421439053923,0.7233902966163497,0.1620481527109574
full,876,0.5418986418152432,0.7245778443833693,0.1826792025681261
full,877,0.5339401047886363,0.7161522230154936,0.18221211822685734
full,878,0.5274112285015709,0.7146424736394379,0.18723124513786704
full,879,0.5697208711976782,0.7258495203740519,0.1561286491763737
full,880,0.5453673272558784,0.7256542472040881,0.18028691994820967
full,881,0.5476101087296945,0.7160010227318445,0.16839091400215
full,882,0.5673175846845475,0.725699261169398,0.15838167648485046
full,883,0.5549140252042677,0.7150039669804387,0.16008994177617097
full,884,0.5455420477900842,0.7177351377227857,0.17219308993270155
full,885,0.542868501352105,0.7272486444047302,0.1843801430526253
full,886,0.5405967493476588,0.7181066977455794,0.17750994839792067
full,887,0.5529582955926956,0.7148731333774522,0.16191483778475657
full,888,0.5617624070517931,0.7223749748896634,0.16061256783787026
full,889,0.5255156539580416,0.7196178135081025,0.19410215955006094
full,890,0.5594706640772351,0.7264341581051768,0.16696349402794164
full,891,0.5571549962303474,0.7245337439608083,0.1673787477304609
full,892,0.5513632796066786,0.7227499336946114,0.17138665408793274
full,893,0.5166378631687659,0.7251239860305337,0.20848612286176782
full,894,0.5296530911869571,0.7153160117917668,0.1856629206048097
full,895,0.558549862606218,0.7163664914959791,0.1578166288897611
full,896,0.5284816474214415,0.7154818103885906,0.18700016296714905
full,897,0.5497275200601095,0.719425815213697,0.16969829515358748
full,898,0.5228131978673932,0.7090537381202764,0.18624054025288317
full,899,0.5215837723489464,0.713723591547248,0.1921398191983016
full,900,0.5320596183882478,0.7282461486302146,0.19618653024196686
full,901,0.571591403736892,0.7306518431735488,0.15906043943665682
full,902,0.5399507807944885,0.7191803284067245,0.17922954761223597
full,903,0.568794122660928,0.7206193501774272,0.15182522751649918
full,904,0.5481457593999253,0.7122439286151361,0.1640981692152108
full,905,0.5487013965655648,0.7145790192373227,0.16587762267175787
full,906,0.5561989692728321,0.7150954563610105,0.15889648708817838
full,907,0.565312976722494,0.7263013515387571,0.16098837481626305
full,908,0.5340921267757935,0.7222214489964978,0.18812932222070422
full,909,0.559846538844488,0.7208842541955803,0.16103771535109235
full,910,0.5503229812475393,0.7272081800110934,0.17688519876355413
full,911,0.5443173592860046,0.7277203886886016,0.183403029402597
full,912,0.5547353698166642,0.7276064297544443,0.17287105993778018
full,913,0.5412995849631854,0.7173127362120473,0.17601315124886185
full,914,0.552339492545715,0.72145134567894,0.16911185313322497
full,915,0.5299361253882476,0.7175375455040676,0.18760142011581993
full,916,0.542641828049051,0.7324765152970188,0.18983468724796781
full,917,0.5440080330391442,0.7266772465813557,0.18266921354221144
full,918,0.5592392011905128,0.7193876061186889,0.16014840492817606
full,919,0.5470420113330895,0.7172187738855625,0.17017676255247305
full,920,0.5541998614423563,0.7282447965936127,0.1740449351512564
full,921,0.5543087578732124,0.7139727771315288,0.15966401925831641
full,922,0.5583937937886162,0.7190728758220167,0.16067908203340053
full,923,0.5279215734993036,0.726888167745756,0.19896659424645247
full,924,0.5318377748395933,0.722814752602117,0.19097697776252376
full,925,0.5615904369202295,0.7231068995308323,0.16151646261060282
full,926,0.5593106053005468,0.7178504621202286,0.15853985681968186
full,927,0.5537329021583625,0.7222072151712985,0.16847431301293603
full,928,0.5359335039830896,0.7263892423385371,0.1904557383554475
full,929,0.5489227379003007,0.722285421920534,0.17336268402023336
full,930,0.5615091540078406,0.7112713727962358,0.14976221878839513
full,931,0.5511710711467254,0.7245106333285529,0.17333956218182756
full,932,0.5331244688947464,0.7172740897946767,0.18414962089993026
full,933,0.5425906993781812,0.7281932035090445,0.18560250413086332
full,934,0.5327224285962472,0.7196432444565716,0.18692081586032439
full,935,0.5484982638173522,0.7224829661805032,0.173984702363151
full,936,0.5576158538401134,0.7215344031909157,0.1639185493508023
full,937,0.5498399901586669,0.7262599610426796,0.17641997088401273
full,938,0.5383914293043224,0.7240418321630917,0.18565040285876933
full,939,0.541636125645282,0.7227303158100173,0.18109419016473538
full,940,0.5510535030248052,0.7225260075793406,0.17147250455453544
full,941,0.5486336281940345,0.7197237089902575,0.171090080796223
full,942,0.5400523954346053,0.7217921226635061,0.18173972722890086
full,943,0.5287364214442172,0.7184527830073144,0.18971636156309724
full,944,0.5306583450886336,0.709234531429973,0.17857618634133932
full,945,0.5318374676619017,0.7192600952783841,0.18742262761648243
full,946,0.5472423188469304,0.7161176781586008,0.16887535931167041
full,947,0.5471303712722692,0.7245279287021477,0.1773975574298785
full,948,0.5263393535086706,0.7170070339247562,0.19066768041608562
full,949,0.5464987265361614,0.7179421892077447,0.17144346267158328
full,950,0.543723019393796,0.7256132982274955,0.18189027883369957
full,951,0.5552132830469101,0.7209687959574483,0.16575551291053825
full,952,0.5523387810777922,0.7238704080048848,0.17153162692709256
full,953,0.5373606919461696,0.7165727761575079,0.17921208421133827
full,954,0.555505048736158,0.7266174288202112,0.17111238008405316
full,955,0.5438682830836893,0.7261673326606394,0.1822990495769501
full,956,0.525842446507679,0.7241404796305861,0.19829803312290717
full,957,0.5515786418173809,0.7147456014475396,0.1631669596301587
full,958,0.5406932765983332,0.7157596012155374,0.17506632461720417
full,959,0.5466826312738988,0.7228068736996984,0.1761242424257996
full,960,0.556456504427712,0.7196030758023467,0.16314657137463473
full,961,0.5465446149859723,0.7163319844548837,0.16978736946891138
full,962,0.5436690998930555,0.7240705017443816,0.18040140185132614
full,963,0.5472166162767519,0.7188586362870788,0.1716420200103269
full,964,0.5431287182829441,0.7277981293959183,0.1846694111129742
full,965,0.558646276882934,0.7121030932366363,0.15345681635370234
full,966,0.5688994426942441,0.7220477579847162,0.15314831529047213
full,967,0.5609985236161535,0.7239248400669064,0.16292631645075284
full,968,0.5308266510543057,0.720802873151835,0.1899762220975293
full,969,0.5439433786283266,0.7201155417893914,0.17617216316106477
full,970,0.5565312232072249,0.7240157130403788,0.1674844898331539
full,971,0.5265483384717434,0.7152948434581834,0.18874650498643997
full,972,0.5518505118828263,0.7195889629155637,0.16773845103273743
full,973,0.5476119578886667,0.7122984234350261,0.16468646554635946
full,974,0.5442164043874128,0.715727177253542,0.17151077286612915
full,975,0.5424116356137263,0.7218061562858872,0.17939452067216088
full,976,0.5568705988359196,0.7194494395986353,0.16257884076271567
full,977,0.5451601837436593,0.7256076692726869,0.18044748552902767
full,978,0.5314459443032213,0.7255278204582017,0.1940818761549804
full,979,0.5462724517537274,0.7191740862962451,0.17290163454251772
full,980,0.5475310254200696,0.7169336596187157,0.1694026341986461
full,981,0.5212112217908387,0.7161984921587812,0.1949872703679425
full,982,0.5454729153986869,0.7301015356431021,0.18462862024441518
full,983,0.5380056556633745,0.7239763567771899,0.1859707011138153
full,984,0.5432883460015092,0.7260566873693868,0.18276834136787756
full,985,0.5535282519820919,0.721980116712351,0.16845186473025908
full,986,0.5505866187873071,0.7252945548508511,0.17470793606354407
full,987,0.5406091142108291,0.7242852505379395,0.18367613632711033
full,988,0.5738619801433426,0.7249731062000726,0.15111112605673005
full,989,0.5400239637135258,0.7193932592629911,0.17936929554946535
full,990,0.5537572416824447,0.7240141013841986,0.17025685970175397
full,991,0.5740708563291625,0.724582148087084,0.15051129175792144
full,992,0.5373716221081003,0.7181103375930104,0.18073871548491005
full,993,0.5213836131048244,0.7238798238197827,0.20249621071495827
full,994,0.5391287757387528,0.7179468497042427,0.17881807396548988
full,995,0.5204992662322183,0.7204668209085128,0.19996755467629446
full,996,0.556049299779898,0.7165353279659886,0.1604860281860906
full,997,0.5445790793361198,0.723598016856857,0.17901893752073716
full,998,0.5398900460082371,0.7160648184285582,0.1761747724203211
full,999,0.5333926523153282,0.7241478359473184,0.19075518363199018
full,1000,0.5423414246702137,0.718634345361825,0.1762929206916113
full,1001,0.542246440063072,0.7183812322302896,0.1761347921672176
full,1002,0.535759030205052,0.7238472554041493,0.1880882251990973
full,1003,0.5247068184612182,0.7137434379574248,0.18903661949620654
full,1004,0.5318794511791003,0.7238275770269211,0.19194812584782084
full,1005,0.5594814488990577,0.7242538384189131,0.1647723895198554
full,1006,0.5149209687119575,0.7114897008609306,0.19656873214897308
full,1007,0.5481947219430595,0.7183590744067648,0.17016435246370532
full,1008,0.5301364567367471,0.7181314177602532,0.1879949610235061
full,1009,0.542583050314703,0.7222394181610496,0.17965636784634664
full,1010,0.5310959057076954,0.729438167524434,0.19834226181673864
full,1011,0.5437284927973177,0.7179192368689198,0.17419074407160207
full,1012,0.542765446414904,0.7210035917181093,0.17823814530320536
full,1013,0.5392655627948102,0.7149739397535865,0.17570837695877628
full,1014,0.5320050250020433,0.7308416286228943,0.19883660362085098
full,1015,0.5743580562042633,0.7278735581400545,0.15351550193579122
full,1016,0.5431763416644192,0.7158444076053383,0.1726680659409191
full,1017,0.5592167727964694,0.7217113006279984,0.16249452783152896
full,1018,0.5344682560165982,0.7195585247456872,0.18509026872908896
full,1019,0.5390174622951303,0.7153657882548722,0.17634832595974193
full,1020,0.5629166131761328,0.7198935966565008,0.15697698348036793
full,1021,0.5410490987678219,0.7166524577785076,0.1756033590106857
full,1022,0.5596178038802262,0.7252730889191812,0.165655285038955
full,1023,0.5411186073018595,0.7187121313454607,0.1775935240436013
full,1024,0.5359100864949371,0.7193013238527307,0.1833912373577936
full,1025,0.5500296351915523,0.7164526242253101,0.16642298903375774
full,1026,0.5288278069220118,0.7247258804768583,0.19589807355484645
full,1027,0.5580397069536839,0.7179467752991584,0.15990706834547452
full,1028,0.5467550382339087,0.7237950267492441,0.17703998851533542
full,1029,0.5589801825523993,0.7234503580563243,0.16447017550392495
full,1030,0.551569786851601,0.7194529557379088,0.16788316888630783
full,1031,0.5464023701840409,0.7198231016874925,0.1734207315034516
full,1032,0.5536087966577548,0.72376471169508,0.1701559150373253
full,1033,0.5427962867941238,0.7247964686105018,0.182000181816378
full,1034,0.5291467361602125,0.7252736153270888,0.19612687916687632
full,1035,0.5416431958130615,0.7265818997000281,0.18493870388696654
full,1036,0.5406949857706901,0.7203009528596197,0.17960596708892962
full,1037,0.5612362230449403,0.728914314540926,0.16767809149598578
full,1038,0.5373258172064109,0.7194544389113162,0.1821286217049053
full,1039,0.5503487061076541,0.7253174709462413,0.17496876483858725
full,1040,0.5407208748316247,0.7235651756494865,0.18284430081786185
full,1041,0.5466148903970924,0.7163663564656484,0.16975146606855596
full,1042,0.5223414676636917,0.7139639625016344,0.1916224948379427
full,1043,0.5382167757565052,0.7262068146110684,0.18799003885456322
full,1044,0.5341439918725326,0.7216713054788327,0.18752731360630015
full,1045,0.568094759822475,0.7148590085091364,0.14676424868666138
full,1046,0.5393236862785235,0.7255542099025748,0.18623052362405135
full,1047,0.5325044070953291,0.7190036054152146,0.18649919831988548
full,1048,0.5690086529754819,0.7230656452779873,0.15405699230250547
full,1049,0.5437481476770845,0.7167095750612754,0.17296142738419096
full,1050,0.543184498250143,0.7167853716398033,0.17360087338966024
full,1051,0.5445344114126793,0.7201841844673191,0.1756497730546398
full,1052,0.5538961948880683,0.7271353914302437,0.17323919654217546
full,1053,0.5491333434663777,0.729103430335446,0.17997008686906835
full,1054,0.533780433949737,0.7171904921713249,0.18341005822158796
full,1055,0.5514377570470691,0.7185670580975517,0.16712930105048263
full,1056,0.5560720530258974,0.7200810422363719,0.16400898921047458
full,1057,0.5291946860764559,0.7224546707841556,0.19325998470769967
full,1058,0.5338159969296485,0.7144851608980889,0.18066916396844035
full,1059,0.5371071628183018,0.7172128266175262,0.18010566379922432
full,1060,0.5194486625243868,0.7174939125371531,0.1980452500127663
full,1061,0.540196103704136,0.7159143908936028,0.1757182871894668
full,1062,0.5652546241525,0.7182369300246356,0.15298230587213557
full,1063,0.5292450321366122,0.7209657897376516,0.19172075760103935
full,1064,0.5364098376932662,0.7296933586705819,0.19328352097731571
full,1065,0.5152604665989361,0.7130886571267864,0.19782819052785028
full,1066,0.5396200210578895,0.7315185718207343,0.1918985507628448
full,1067,0.5384587350217309,0.7157559493079849,0.177297214286254
full,1068,0.5566970710042132,0.7216137158697512,0.16491664486553803
full,1069,0.5607020560630682,0.7237725723846621,0.16307051632159386
full,1070,0.5523394463708688,0.7262687037809236,0.17392925741005472
full,1071,0.5237141061943633,0.7271415280237518,0.20342742182938844
full,1072,0.5441711772413946,0.7191661394257026,0.174994962184308
full,1073,0.5495290788810533,0.7291801421641626,0.1796510632831093
full,1074,0.5505428598344828,0.7141720259694277,0.16362916613494494
full,1075,0.5572758069822483,0.7266120358050305,0.1693362288227822
full,1076,0.5574404459966289,0.715868358163825,0.1584279121671961
full,1077,0.5471140544978177,0.7225915132314423,0.17547745873362464
full,1078,0.5218362020782668,0.7184977987670694,0.19666159668880268
full,1079,0.5350585894799448,0.7251884441665438,0.19012985468659904
full,1080,0.56957674104352,0.7230324728795093,0.15345573183598937
full,1081,0.5452498456878748,0.7220894878183665,0.17683964213049164
full,1082,0.5452238502793988,0.7216930162451732,0.17646916596577444
full,1083,0.5746779975882907,0.7206912936503357,0.14601329606204494
full,1084,0.5184479436254348,0.7234850003995595,0.20503705677412476
full,1085,0.5471824438047609,0.7216733389468547,0.17449089514209382
full,1086,0.5434275242426577,0.7182473157907695,0.17481979154811178
full,1087,0.5367564827873823,0.7274782917151185,0.19072180892773616
full,1088,0.5479256134557354,0.7178682946990856,0.1699426812433502
full,1089,0.5460566793077809,0.7247152632882685,0.17865858398048762
full,1090,0.5426497917011918,0.7214727367288292,0.1788229450276374
full,1091,0.536533695974601,0.7234456983014932,0.1869120023268922
full,1092,0.5203984830517135,0.7158855509020507,0.1954870678503372
full,1093,0.5325382404813217,0.7243334823112272,0.19179524182990548
full,1094,0.5553979800169171,0.7191714952163861,0.16377351519946903
full,1095,0.5621514280469627,0.7217781790359535,0.15962675098899082
full,1096,0.547426261740318,0.7303047031616064,0.1828784414212884
full,1097,0.545713399558094,0.7230792981481958,0.17736589859010188
full,1098,0.5447650884892672,0.7230752429903385,0.17831015450107135
full,1099,0.5435294554282385,0.7258395077321257,0.1823100523038872
full,1100,0.5661453460143092,0.7327486191094169,0.1666032730951077
full,1101,0.5516995944725157,0.7189791566295586,0.16727956215704287
full,1102,0.5588684842040197,0.7205063516224788,0.1616378674184591
full,1103,0.5564186759528325,0.7193115275420993,0.1628928515892668
full,1104,0.5299561310624588,0.7190207206408447,0.1890645895783859
full,1105,0.5446972076872076,0.7282569970186127,0.18355978933140504
full,1106,0.5450173175175249,0.7181865164158923,0.17316919889836735
full,1107,0.5423166403767166,0.726364414333896,0.18404777395717942
full,1108,0.5319109706298836,0.7161811589081786,0.184270188278295
full,1109,0.5476649989873384,0.7227974730364951,0.17513247404915666
full,1110,0.5247326278504935,0.7169570720074404,0.19222444415694695
full,1111,0.5414072469278071,0.7193173306217375,0.17791008369393047
full,1112,0.5458093140841151,0.7133240379823459,0.16751472389823074
full,1113,0.5391003978428172,0.7182587491404847,0.17915835129766755
full,1114,0.5313911615450005,0.7226600924438604,0.19126893089885988
full,1115,0.5320197802536322,0.7144982635245221,0.1824784832708899
full,1116,0.5676753896969047,0.7190011915248905,0.15132580182798583
full,1117,0.5229482609194839,0.7245160274596246,0.20156776654014075
full,1118,0.5597002119447677,0.720136270235474,0.16043605829070628
full,1119,0.5574197997033797,0.7223183471008504,0.16489854739747067
full,1120,0.5499309880829748,0.7254745140420471,0.1755435259590723
full,1121,0.53363551441399,0.7225625799448898,0.18892706553089977
full,1122,0.5351411767896709,0.7273290390449711,0.19218786225530027
full,1123,0.5423420437879993,0.7156441816686331,0.17330213788063376
full,1124,0.5369401773432746,0.7274507463080407,0.19051056896476615
full,1125,0.5222366928548603,0.7171946456383126,0.1949579527834523
full,1126,0.5279968634034338,0.7204731213814674,0.19247625797803358
full,1127,0.5434357427319341,0.7272548309952129,0.18381908826327886
full,1128,0.5523005552803113,0.7201403041657538,0.1678397488854425
full,1129,0.533222788671412,0.7175075840962535,0.18428479542484144
full,1130,0.5699064467778572,0.725703812122998,0.15579736534514077
full,1131,0.5368967825592369,0.7141793481126861,0.17728256555344923
full,1132,0.5482133537917356,0.7218319785205113,0.17361862472877565
full,1133,0.5465480144142799,0.7186824433915713,0.17213442897729136
full,1134,0.5504228674460463,0.7124849159133755,0.1620620484673292
full,1135,0.5425326368846778,0.719728730392694,0.17719609350801624
full,1136,0.5329431210031954,0.7219240164274872,0.18898089542429175
full,1137,0.535934704290474,0.7251215616385284,0.1891868573480544
full,1138,0.5576227089777925,0.7259409938285457,0.16831828485075317
full,1139,0.5844828562096468,0.7217383980171354,0.13725554180748856
full,1140,0.5539947700118826,0.7249258135210577,0.1709310435091751
full,1141,0.5448668808938311,0.7287816322154527,0.1839147513216216
full,1142,0.5618055091394933,0.7278011945603768,0.1659956854208835
full,1143,0.551737610856174,0.7274741460404098,0.17573653518423582
full,1144,0.5463022134557511,0.7347415536797618,0.18843934022401065
full,1145,0.5368936997848934,0.7280019495500973,0.1911082497652039
full,1146,0.5579120377757245,0.7269796341098296,0.16906759633410506
full,1147,0.5386318688868922,0.7207181163810232,0.18208624749413105
full,1148,0.5583607423422039,0.7158920205068946,0.1575312781646907
full,1149,0.549341904596475,0.7189144060612996,0.1695725014648246
full,1150,0.5454468613434181,0.717750090775251,0.17230322943183285
full,1151,0.5671402198376121,0.7273959474683969,0.16025572763078477
full,1152,0.538052652212159,0.7115651019966117,0.17351244978445268
full,1153,0.5423525239156913,0.7129669158493589,0.17061439193366756
full,1154,0.5321667948441827,0.7223785047699504,0.19021170992576764
full,1155,0.5428378059579128,0.7167250171798849,0.17388721122197215
full,1156,0.53615069673881,0.7270442955286339,0.19089359878982393
full,1157,0.5523268835794488,0.7233367726118249,0.17100988903237613
full,1158,0.5570580085954494,0.7169467709581734,0.15988876236272398
full,1159,0.5468538478171243,0.7285371424993854,0.18168329468226108
full,1160,0.5734519956069412,0.7132051158197966,0.13975312021285546
full,1161,0.535028481038223,0.7167451953658567,0.1817167143276337
full,1162,0.5410408401684417,0.7158869998417713,0.17484615967332962
full,1163,0.5372581305540152,0.7202756016967946,0.18301747114277944
full,1164,0.5270786674504266,0.7188453814867977,0.19176671403637102
full,1165,0.5443890844349671,0.7223833499205902,0.17799426548562303
full,1166,0.5413987956244255,0.7292480506226912,0.18784925499826566
full,1167,0.5620911802493577,0.7240398701876983,0.16194868993834066
full,1168,0.5318878461766638,0.7222916994844102,0.19040385330774634
full,1169,0.5479538069383274,0.7230038382969963,0.17505003135866892
full,1170,0.5535874130057513,0.7230806317960163,0.16949321879026502
full,1171,0.5401063047603202,0.7133993683958764,0.1732930636355562
full,1172,0.5471962931733488,0.7209391138492447,0.17374282067589586
full,1173,0.5401023958405324,0.7245635105887699,0.18446111474823745
full,1174,0.5321893349576318,0.7184355929948728,0.18624625803724104
full,1175,0.5515585567545808,0.7161468656578063,0.1645883089032255
full,1176,0.5340591096521995,0.7134552097447872,0.17939610009258766
full,1177,0.5403756052235045,0.7173508694713255,0.17697526424782106
full,1178,0.5595899823991228,0.7233458066829399,0.16375582428381708
full,1179,0.5480723520701545,0.711422405279029,0.16335005320887452
full,1180,0.534722473847651,0.722025509715875,0.18730303586822394
full,1181,0.5344702767669754,0.7202213071517145,0.18575103038473906
full,1182,0.5308222196545674,0.7226925935761137,0.19187037392154627
full,1183,0.5197002255706565,0.7247270052835503,0.20502677971289374
full,1184,0.5272164439561134,0.7166505901745597,0.18943414621844623
full,1185,0.5444849847109065,0.7118257913565152,0.1673408066456088
full,1186,0.5411093872711448,0.7213336363379531,0.18022424906680834
full,1187,0.5637949463449989,0.7264937961745102,0.16269884982951122
full,1188,0.560944601282609,0.727708319460439,0.16676371817782998
full,1189,0.5374252088732803,0.7224656147888099,0.18504040591552962
full,1190,0.5509657950929128,0.7154954304080028,0.16452963531509002
full,1191,0.5506818681369116,0.7159576007999867,0.16527573266307516
full,1192,0.5359337702486777,0.7150828654518576,0.1791490952031799
full,1193,0.5333351665064643,0.7143723604000086,0.18103719389354433
full,1194,0.5396418676364774,0.7284536615370285,0.18881179390055114
full,1195,0.5378245950096924,0.7280601279679798,0.19023553295828743
full,1196,0.548330736277351,0.7221688051921299,0.17383806891477893
full,1197,0.5430330374211051,0.7178713035776638,0.17483826615655873
full,1198,0.5194689654754723,0.7162181494809794,0.19674918400550712
full,1199,0.5294977377848494,0.7217175829513407,0.19221984516649127
full,1200,0.5446461810308464,0.7219067180812122,0.17726053705036582
full,1201,0.5585005937934303,0.7261806405085357,0.1676800467151054
full,1202,0.5384544545140378,0.7149456920865492,0.1764912375725114
full,1203,0.5314549807395184,0.7296124561989508,0.1981574754594324
full,1204,0.5459960048165284,0.7182084701378126,0.1722124653212842
full,1205,0.5375278370468671,0.721899894105081,0.1843720570582139
full,1206,0.5144910669591873,0.7195959390882699,0.20510487212908257
full,1207,0.5415733204677441,0.7230202468699015,0.18144692640215743
full,1208,0.5352301201936618,0.7271910162766283,0.19196089608296651
full,1209,0.5362718598284516,0.7201990792420754,0.18392721941362378
full,1210,0.553248729086736,0.7167927481107188,0.16354401902398286
full,1211,0.549245567231783,0.7244702725970461,0.17522470536526313
full,1212,0.5406715754445415,0.7176861540561029,0.17701457861156145
full,1213,0.5441653948773808,0.7275202136448222,0.18335481876744142
full,1214,0.5616774016326676,0.7204194082554007,0.1587420066227332
full,1215,0.5362789899890742,0.7177681657284006,0.18148917573932644
full,1216,0.5497156616169623,0.7241491305370444,0.17443346892008216
full,1217,0.5449379953681937,0.715358267559721,0.17042027219152733
full,1218,0.5459171946993081,0.7284093217255619,0.18249212702625384
full,1219,0.5261576979915642,0.7231706611486064,0.1970129631570422
full,1220,0.5324750665726422,0.7227011602230032,0.19022609365036103
full,1221,0.5467585787211134,0.7174685782212303,0.1707099995001169
full,1222,0.5164432207366045,0.7217785514717393,0.20533533073513477
full,1223,0.5420965932108064,0.7203073171687694,0.178210723957963
full,1224,0.5546722092009035,0.7252080026955784,0.17053579349467485
full,1225,0.5396856899271801,0.7157979322301526,0.1761122423029725
full,1226,0.55921684752521,0.7151482245538588,0.1559313770286489
full,1227,0.5510251482064532,0.7295483637134684,0.17852321550701522
full,1228,0.5402057443141478,0.7174702381626222,0.17726449384847442
full,1229,0.5370109843585148,0.7159317870635779,0.17892080270506305
full,1230,0.5555131492378688,0.7234453205930168,0.16793217135514804
full,1231,0.5617164946133021,0.7208081398735029,0.1590916452602008
full,1232,0.5292127765236772,0.7315471455166999,0.2023343689930227
full,1233,0.5292947660907081,0.7200936842079149,0.19079891811720673
full,1234,0.5381197060388665,0.710001622502661,0.17188191646379447
full,1235,0.5249166395676397,0.7242552549362846,0.19933861536864494
full,1236,0.5420347064398415,0.7244298351790823,0.1823951287392408
full,1237,0.535580340065337,0.7127469044497133,0.1771665643843764
full,1238,0.5536911350994166,0.719469586858216,0.16577845175879946
full,1239,0.5197496485577205,0.7213467858468786,0.20159713728915807
full,1240,0.5427640467765674,0.7219095208001468,0.1791454740235794
full,1241,0.5389989930766376,0.7174503730393279,0.17845137996269034
full,1242,0.5811179324911411,0.7248360188074254,0.14371808631628435
full,1243,0.5568268361329433,0.7205135479793013,0.16368671184635808
full,1244,0.557078833539179,0.7156399125713181,0.15856107903213912
full,1245,0.5656511499732252,0.7220281090293704,0.15637695905614524
full,1246,0.5352054573112836,0.7259776186969822,0.19077216138569864
full,1247,0.545073777266288,0.7243702617044926,0.17929648443820456
full,1248,0.5614136930406489,0.7183497022838706,0.1569360092432217
full,1249,0.5511105843667784,0.7190050353104274,0.16789445094364897
full,1250,0.5571201575055917,0.7252324947664914,0.1681123372608997
full,1251,0.5273890610251185,0.7171509357228311,0.18976187469771255
full,1252,0.5669808387538711,0.7252328902410486,0.15825205148717758
full,1253,0.5644753728313014,0.7189071531931446,0.15443178036184313
full,1254,0.5578268046393159,0.7189203345316049,0.16109352989228898
full,1255,0.5533909035590551,0.7120869022778318,0.1586959987187767
full,1256,0.5352894329021154,0.71972682606772,0.1844373931656046
full,1257,0.5568635177708465,0.7189162794691535,0.16205276169830696
full,1258,0.5075330870557409,0.7184734108751292,0.21094032381938832
full,1259,0.5480737945209443,0.7250838724797014,0.17701007795875712
full,1260,0.5289176965470431,0.7206769419358571,0.19175924538881395
full,1261,0.5549848104743823,0.7180210316862524,0.1630362212118701
full,1262,0.5656852105421688,0.7177633891833893,0.15207817864122053
full,1263,0.5311808847266148,0.7287393595155993,0.19755847478898447
full,1264,0.5084611324211267,0.724526526205333,0.2160653937842063
full,1265,0.5532662565247601,0.722838071922541,0.16957181539778088
full,1266,0.5531661774649533,0.719759303407366,0.1665931259424127
full,1267,0.5524377105413466,0.7230797497675174,0.17064203922617083
full,1268,0.5407534559651755,0.712894843515522,0.17214138755034647
full,1269,0.5435291146194002,0.7207305617456404,0.1772014471262402
full,1270,0.5429421330592225,0.7299851792529328,0.18704304619371037
full,1271,0.5621759436731912,0.7197570328869105,0.15758108921371927
full,1272,0.5689062990044095,0.7264533919942749,0.15754709298986547
full,1273,0.5237848562896655,0.7241423953286827,0.2003575390390172
full,1274,0.5694375365339456,0.72382800449035,0.15439046795640443
full,1275,0.5384723966574375,0.7193806618769718,0.1809082652195343
full,1276,0.5297211537301522,0.7189017100776488,0.18918055634749664
full,1277,0.5462022092306071,0.7224299015333101,0.17622769230270297
full,1278,0.5528418652847329,0.7272608430717309,0.174418977786998
full,1279,0.542746054965739,0.7264859596594739,0.1837399046937349
full,1280,0.5386104388212771,0.7157235290504507,0.17711309022917354
full,1281,0.5452284690322081,0.7216901177102701,0.17646164867806202
full,1282,0.5479564384736635,0.7156978143114832,0.16774137583781967
full,1283,0.5502781703992473,0.7147755948583419,0.16449742445909454
full,1284,0.5142632081939915,0.7206112557781233,0.20634804758413183
full,1285,0.5200635434422116,0.7237736299271523,0.2037100864849407
full,1286,0.5307748571472446,0.7234281974262403,0.19265334027899572
full,1287,0.5439603594912114,0.723720440645237,0.17976008115402564
full,1288,0.5393572632403394,0.7172064090545526,0.17784914581421318
full,1289,0.544602922352033,0.7254524892627477,0.18084956691071474
full,1290,0.5414371507367854,0.7130139630501927,0.17157681231340727
full,1291,0.5379418759634959,0.7248414472351303,0.18689957127163448
full,1292,0.5126329994042771,0.7289853633445179,0.21635236394024082
full,1293,0.5311890859105348,0.7107085176584024,0.17951943174786755
full,1294,0.5441239335593653,0.7169453203913335,0.17282138683196824
full,1295,0.5356359771708068,0.7188148841899389,0.1831789070191321
full,1296,0.5297652470529546,0.7211579472962224,0.19139270024326782
full,1297,0.5596675792870703,0.7245996533462455,0.1649320740591752
full,1298,0.5429587544857681,0.7156716964345767,0.1727129419488086
full,1299,0.5224828674017507,0.7206452049774204,0.1981623375756697
full,1300,0.5526206789730648,0.71835953518582,0.1657388562127552
full,1301,0.5392291409596989,0.719789910808989,0.18056076984929015
full,1302,0.5579322926554267,0.7202818801281471,0.16234958747272044
full,1303,0.5531892980468186,0.7184813964289708,0.1652920983821522
full,1304,0.5530781440274946,0.7186052543420611,0.16552711031456657
full,1305,0.557357487869847,0.7224744979582521,0.16511701008840518
full,1306,0.5415907687357836,0.7330725622204449,0.19148179348466132
full,1307,0.5461553229759927,0.7218829099052684,0.1757275869292757
full,1308,0.5606110274723078,0.7139906627689689,0.1533796352966611
full,1309,0.5453884062234787,0.7202908322516783,0.1749024260281996
full,1310,0.5239904416851875,0.7216699302748713,0.19767948858968376
full,1311,0.5253771193366854,0.7097157026135962,0.18433858327691077
full,1312,0.5329427598384819,0.7206203217054579,0.18767756186697593
full,1313,0.5426239682373151,0.7207431235597229,0.17811915532240785
full,1314,0.5571787383687621,0.7222789186247351,0.16510018025597306
full,1315,0.5559633238991026,0.7228907620930348,0.1669274381939322
full,1316,0.543917416966647,0.7229454239857523,0.17902800701910537
full,1317,0.533032513575786,0.7148556598261855,0.18182314625039953
full,1318,0.544627809739513,0.7180634946888428,0.17343568494932982
full,1319,0.5381120491121671,0.7260244591226075,0.18791241001044034
full,1320,0.5757742488972419,0.7230391332804319,0.14726488438318996
full,1321,0.5418200007251635,0.7196070481741434,0.17778704744898
full,1322,0.5515510813905405,0.7189350551207618,0.1673839737302213
full,1323,0.5411981462138874,0.7288617510651089,0.18766360485122147
full,1324,0.5545840870374756,0.7157747662506999,0.16119067921322427
full,1325,0.5312577613255208,0.7212798122774224,0.1900220509519016
full,1326,0.5394826611824661,0.728833686800867,0.1893510256184009
full,1327,0.5750587804239634,0.7331282711251634,0.15806949070120002
full,1328,0.5303857624509205,0.7217170470445792,0.19133128459365867
full,1329,0.5754548380997978,0.7254188858423843,0.14996404774258654
full,1330,0.5494814657915346,0.7261777283950657,0.1766962626035311
full,1331,0.5566856399621308,0.7176157983288187,0.1609301583666879
full,1332,0.5277410060233938,0.7262858463784075,0.19854484035501374
full,1333,0.5665163864324428,0.7292631446246538,0.16274675819221096
full,1334,0.533271159617381,0.7254672573484873,0.19219609773110624
full,1335,0.5346445907694064,0.722844071922215,0.1881994811528086
full,1336,0.5716696705321959,0.7191229969886617,0.1474533264564658
full,1337,0.5345705188514172,0.7160240428212111,0.18145352396979397
full,1338,0.5614857304828568,0.7190362073746864,0.15755047689182966
full,1339,0.562507802748474,0.718771765756344,0.15626396300787004
full,1340,0.5708724129032979,0.7238221365694018,0.15294972366610382
full,1341,0.537081048815207,0.7176674945194462,0.1805864457042392
full,1342,0.540024896953703,0.7217993426796074,0.1817744457259044
full,1343,0.550865129085457,0.7212211867183368,0.17035605763287975
full,1344,0.5331090004090691,0.7216755022025343,0.18856650179346524
full,1345,0.5502445214807581,0.7140103099133348,0.16376578843257672
full,1346,0.5379096172085588,0.7175674931936401,0.17965787598508132
full,1347,0.5650026152105276,0.7221397944593089,0.15713717924878123
full,1348,0.5213490427124792,0.709484932889699,0.18813589017721988
full,1349,0.5480625325948515,0.721037795752009,0.1729752631571575
full,1350,0.5438675811991236,0.7234910065860298,0.17962342538690623
full,1351,0.5217838303210792,0.7192727150856011,0.19748888476452187
full,1352,0.562466014827859,0.7240671157732746,0.1616011009454157
full,1353,0.5354191463248381,0.7170093453389424,0.18159019901410434
full,1354,0.5499109776357952,0.7240313714098888,0.1741203937740936
full,1355,0.5598529751772273,0.7200534601453583,0.160200484968131
full,1356,0.5384987269372726,0.7208894775204905,0.18239075058321785
full,1357,0.5373277751806088,0.721899087674107,0.18457131249349823
full,1358,0.559925455993784,0.7279664216547636,0.1680409656609796
full,1359,0.5501785638345194,0.7196988502055871,0.16952028637106775
full,1360,0.5396487979208152,0.7224711276745385,0.18282232975372326
full,1361,0.5458084607249515,0.725259462883679,0.17945100215872756
full,1362,0.5190555460180026,0.7161654500382701,0.1971099040202675
full,1363,0.567634628636917,0.7206311505028833,0.15299652186596624
full,1364,0.5461887965727409,0.7213417084314729,0.17515291185873205
full,1365,0.5297242506060662,0.7214446948341734,0.1917204442281072
full,1366,0.5526541786562743,0.7258159464560491,0.17316176779977477
full,1367,0.5596001376010252,0.7243547035938944,0.1647545659928692
full,1368,0.561542751123451,0.723255947299014,0.161713196175563
full,1369,0.5459512072249414,0.718385798371022,0.17243459114608062
full,1370,0.5371222978551958,0.728288913755238,0.19116661590004214
full,1371,0.5493808195190584,0.7163435487329438,0.16696272921388544
full,1372,0.5391083898891338,0.7221883347039061,0.1830799448147723
full,1373,0.5499646592950704,0.7210447717291539,0.1710801124340835
full,1374,0.5470579885740576,0.7224771195896694,0.1754191310156118
full,1375,0.5337259854571923,0.7237070641476008,0.18998107869040848
full,1376,0.5512221893382112,0.7162261469914537,0.1650039576532425
full,1377,0.530450163879496,0.7225491277216067,0.19209896384211078
full,1378,0.5431992428859779,0.729297201156536,0.18609795827055808
full,1379,0.5356583136941778,0.718791652523269,0.18313333882909122
full,1380,0.5407191820505658,0.7152569536659252,0.17453777161535944
full,1381,0.5352021289479605,0.7224036099064104,0.1872014809584499
full,1382,0.5463721452140071,0.7175941998340953,0.17122205462008822
full,1383,0.5293826468901847,0.718515233234502,0.1891325863443173
full,1384,0.5255132889398937,0.7262821775169103,0.20076888857701658
full,1385,0.5441305996192466,0.7252897777997436,0.18115917818049698
full,1386,0.5309453255273663,0.723494189690017,0.1925488641626507
full,1387,0.5276479362106014,0.7222961593803263,0.19464822316972497
full,1388,0.5586245401982505,0.718525887594865,0.15990134739661455
full,1389,0.533516787251424,0.7240035661957861,0.19048677894436206
full,1390,0.5401058301659575,0.7222360325422706,0.18213020237631317
full,1391,0.5463705919769931,0.7239951111383834,0.17762451916139033
full,1392,0.5597068368864767,0.7193580683236525,0.15965123143717574
full,1393,0.540583076952669,0.7182501311259016,0.17766705417323259
full,1394,0.5612815484917734,0.7140888208764213,0.15280727238464797
full,1395,0.528664673996774,0.7137850500970309,0.1851203761002569
full,1396,0.5299183052834803,0.7267745111865095,0.1968562059030292
full,1397,0.5330253014314957,0.7195772578887311,0.18655195645723532
full,1398,0.5490835056526673,0.7181965310842657,0.16911302543159845
full,1399,0.5541361634118372,0.7237143684662113,0.16957820505437404
full,1400,0.5258045660163722,0.7188752581567599,0.19307069214038775
full,1401,0.5591533265031039,0.721821073443536,0.16266774694043207
full,1402,0.5746428406827615,0.7123663003282047,0.1377234596454432
full,1403,0.5544335937657163,0.7244831175807035,0.17004952381498717
full,1404,0.5440518105085647,0.7321434248364265,0.1880916143278618
full,1405,0.553909156946889,0.7318608089944921,0.1779516520476031
full,1406,0.5457761677992212,0.713091878244733,0.16731571044551174
full,1407,0.5401575183427,0.7238857462895195,0.18372822794681953
full,1408,0.5540624244756537,0.7205927910618734,0.16653036658621967
full,1409,0.5603974346520463,0.7171742510074732,0.15677681635542695
full,1410,0.534104911590392,0.7293000912380665,0.19519517964767452
full,1411,0.5473853689600694,0.7272358072064542,0.1798504382463848
full,1412,0.552799208471196,0.7194866153730025,0.1666874069018065
full,1413,0.5489862068182912,0.7187864302275365,0.16980022340924528
full,1414,0.5580557039571098,0.7205553784284556,0.16249967447134583
full,1415,0.5384078157740648,0.7305316447483541,0.19212382897428926
full,1416,0.5508105225571536,0.7177028510136503,0.1668923284564967
full,1417,0.51286792116121,0.7206460841681224,0.20777816300691232
full,1418,0.5463679087318801,0.7086112148124364,0.16224330608055626
full,1419,0.5199570791519875,0.7193058274718559,0.19934874831986837
full,1420,0.54653380402164,0.7239702411029519,0.17743643708131196
full,1421,0.5519441681545546,0.7279844386874725,0.17604027053291793
full,1422,0.538219789983269,0.716767949531256,0.17854815954798697
full,1423,0.5565777615322808,0.7259025916267609,0.16932483009448007
full,1424,0.5552674487001148,0.7230349343678341,0.16776748566771926
full,1425,0.5261041627488762,0.7206260288027868,0.19452186605391064
full,1426,0.5403275747615998,0.7182856617129569,0.17795808695135718
full,1427,0.550967396343198,0.7224662475650344,0.1714988512218364
full,1428,0.5365160497877414,0.7232444806064762,0.1867284308187348
full,1429,0.5538351183140745,0.7162726344650695,0.162437516150995
full,1430,0.5661293461196307,0.7235934072630474,0.1574640611434167
full,1431,0.5491249374343077,0.729335936220968,0.18021099878666036
full,1432,0.5385580520823482,0.7227241660371304,0.18416611395478222
full,1433,0.5491849518767793,0.7249207918123545,0.17573583993557518
full,1434,0.5483638158171323,0.7207014521640954,0.17233763634696309
full,1435,0.5518773852037729,0.7202809076082928,0.16840352240451983
full,1436,0.5483699991074663,0.7188809528529764,0.17051095374551006
full,1437,0.5323145292057162,0.7283678559731837,0.19605332676746745
full,1438,0.5325181573300488,0.7183279790054927,0.1858098216754439
full,1439,0.5595248935785629,0.7308165066152036,0.17129161303664064
full,1440,0.5378645281480315,0.720925222112205,0.18306069396417346
full,1441,0.558227020401246,0.7244697907038593,0.16624277030261325
full,1442,0.5425462918309052,0.7199136973433207,0.17736740551241548
full,1443,0.5259715600264118,0.7195768678338277,0.19360530780741592
full,1444,0.5520315059319071,0.7223420275689338,0.17031052163702676
full,1445,0.544082517002283,0.7129069165669929,0.16882439956470985
full,1446,0.5650969430724576,0.7253557667563263,0.16025882368386868
full,1447,0.5616787129725122,0.7200968419544479,0.15841812898193575
full,1448,0.5597815872019466,0.7200949845657103,0.1603133973637637
full,1449,0.5815048768438931,0.7203730623672636,0.13886818552337055
full,1450,0.5619432724582567,0.7086203111195306,0.1466770386612739
full,1451,0.5265021699775552,0.7207645433152504,0.19426237333769525
full,1452,0.5332842405299878,0.7177508059961114,0.1844665654661236
full,1453,0.533097480163047,0.7197180877217023,0.18662060755865528
full,1454,0.5674016273566426,0.7178544444076,0.15045281705095748
full,1455,0.5561856298240727,0.7221344087085012,0.1659487788844285
full,1456,0.5389686505183628,0.718073251473467,0.17910460095510417
full,1457,0.5369801317333619,0.718730470474108,0.1817503387407461
full,1458,0.5360899102000654,0.7211272240080328,0.1850373138079674
full,1459,0.5382893092712792,0.7252072181960859,0.18691790892480675
full,1460,0.5483839870255377,0.7200187769948948,0.1716347899693571
full,1461,0.5251808358460824,0.7177909918191648,0.1926101559730824
full,1462,0.5578919299289685,0.7181768121049926,0.1602848821760241
full,1463,0.5405993216918846,0.7200679510387222,0.1794686293468376
full,1464,0.5457350902567246,0.7183211094121768,0.17258601915545213
full,1465,0.5398573626723834,0.7179630421048183,0.17810567943243494
full,1466,0.5353280598489059,0.7208650938764284,0.18553703402752253
full,1467,0.558966559448042,0.7268505874589176,0.16788402801087565
full,1468,0.5488417574973504,0.7246218213153068,0.1757800638179564
full,1469,0.5448929285754179,0.7185034016752478,0.1736104730998299
full,1470,0.5386536771009466,0.7186731836752913,0.18001950657434473
full,1471,0.5411050625794065,0.7195987063393741,0.17849364375996757
full,1472,0.5505454339026784,0.7178722354534334,0.16732680155075497
full,1473,0.5697315257845391,0.7236724211426127,0.15394089535807354
full,1474,0.5416490466721816,0.7157749099583809,0.17412586328619928
full,1475,0.5366608484948336,0.7177264598884316,0.181065611393598
full,1476,0.5247532453977347,0.7245556304010916,0.1998023850033569
full,1477,0.5679517733899154,0.7204849345412636,0.15253316115134818
full,1478,0.5388995186508314,0.7229855899462401,0.18408607129540866
full,1479,0.5363946664730322,0.7223910811686504,0.18599641469561812
full,1480,0.5485816964956215,0.7167847243029685,0.16820302780734697
full,1481,0.5428540324983893,0.7170858112793217,0.17423177878093243
full,1482,0.5510748909051365,0.7146501570673209,0.16357526616218443
full,1483,0.5572571554681669,0.7199223145561197,0.16266515908795276
full,1484,0.5515398476621993,0.724683667401361,0.1731438197391617
full,1485,0.5507977022356729,0.718655449947738,0.16785774771206508
full,1486,0.5394472928594625,0.7295109479395656,0.19006365508010314
full,1487,0.5295876238301787,0.7238694026127045,0.19428177878252584
full,1488,0.550905021738547,0.7245677652860693,0.1736627435475222
full,1489,0.5549397375596132,0.7315837390533818,0.17664400149376858
full,1490,0.5339786752808084,0.7287678819072478,0.1947892066264394
full,1491,0.5284803982857574,0.7156095752368491,0.18712917695109166
full,1492,0.5463228496149927,0.728888914043391,0.1825660644283983
full,1493,0.5500304160883535,0.7242386548501404,0.17420823876178693
full,1494,0.5485468417608096,0.7201937321189489,0.1716468903581393
full,1495,0.5476632937024687,0.7192850307861731,0.17162173708370443
full,1496,0.5260989634087524,0.7256385898295223,0.19953962642076994
full,1497,0.5305209432374988,0.721687061379391,0.19116611814189222
full,1498,0.5271089601300127,0.7212807593040178,0.19417179917400507
full,1499,0.5319812056121096,0.7144560638991232,0.1824748582870136
full,1500,0.543816683781528,0.7186427859752829,0.17482610219375483
full,1501,0.5541311258120029,0.7213875510026239,0.167256425190621
full,1502,0.5469901043696866,0.7138090006059519,0.16681889623626522
full,1503,0.5344070388810092,0.7274292802516773,0.19302224137066815
full,1504,0.5473619694882348,0.720359106798471,0.17299713731023625
full,1505,0.5483369137382669,0.7237769818850681,0.17544006814680124
full,1506,0.5140130979653937,0.7272446811648942,0.21323158319950042
full,1507,0.5307082106323188,0.7148060458871853,0.18409783525486656
full,1508,0.5601315874375171,0.7201371469811423,0.16000555954362516
full,1509,0.5319269444660363,0.7228146207659595,0.1908876762999232
full,1510,0.5529009942815517,0.723865265356778,0.17096427107522627
full,1511,0.5499003485985987,0.7197056280512697,0.169805279452671
full,1512,0.5589580498519209,0.7244733806162105,0.1655153307642896
full,1513,0.54738751095201,0.7313634420475666,0.18397593109555666
full,1514,0.5346673762119294,0.7324585768385935,0.1977912006266641
full,1515,0.5125902251201816,0.7234110352211626,0.21082081010098097
full,1516,0.5695411105296521,0.7148051538381598,0.14526404330850773
full,1517,0.5427331130947729,0.7245438265921522,0.18181071349737932
full,1518,0.5360858920801732,0.7192450643546624,0.1831591722744892
full,1519,0.538480426127341,0.7181534883561772,0.17967306222883617
full,1520,0.5502921712904143,0.7261222098865571,0.17583003859614277
full,1521,0.5469519372751914,0.721151028885542,0.17419909161035052
full,1522,0.5374176787533369,0.7199951518411313,0.18257747308779437
full,1523,0.5502805965792429,0.7188443387103067,0.16856374213106384
full,1524,0.5482946360864763,0.7338762588356116,0.18558162274913526
full,1525,0.5480412789242126,0.725055233870724,0.1770139549465114
full,1526,0.5638355828404599,0.7215544906160769,0.15771890777561703
full,1527,0.5478570896024438,0.7202762457028076,0.17241915610036374
full,1528,0.562705234979951,0.7214736570787291,0.15876842209877817
full,1529,0.5616549927219984,0.7187626009046809,0.15710760818268255
full,1530,0.5576067300477663,0.7171524792175369,0.1595457491697706
full,1531,0.5334730704854928,0.7246920539694768,0.19121898348398403
full,1532,0.5375560529366085,0.7275289797595729,0.1899729268229644
full,1533,0.5239017355587225,0.7248939078447787,0.20099217228605615
full,1534,0.5393999140067582,0.7215909654501584,0.1821910514434002
full,1535,0.5621542869706383,0.7245892854084388,0.16243499843780052
full,1536,0.5440062761887733,0.720854582199146,0.1768483060103727
full,1537,0.5526374034896939,0.7229570326872076,0.17031962919751364
full,1538,0.5586761296156654,0.716228039893631,0.15755191027796567
full,1539,0.538114740499194,0.7221451455896745,0.1840304050904804
full,1540,0.5641682619431461,0.7266302025510538,0.16246194060790775
full,1541,0.5651631804640193,0.7212561703555548,0.15609298989153553
full,1542,0.5342465663078343,0.7235536662142885,0.18930709990645422
full,1543,0.5360724409302211,0.723814937346066,0.18774249641584484
full,1544,0.5533201616632468,0.7261086312256998,0.17278846956245297
full,1545,0.5352167354065179,0.7283553185378856,0.19313858313136767
full,1546,0.5408953892402372,0.7207089636716295,0.17981357443139234
full,1547,0.5362202119795515,0.7146570152213703,0.17843680324181876
full,1548,0.5113724779854094,0.7223277953394748,0.21095531735406536
full,1549,0.5439713567071859,0.7235368623926342,0.17956550568544827
full,1550,0.5522533421101401,0.7225999195069844,0.17034657739684433
full,1551,0.5508540044389201,0.7218404168205538,0.1709864123816337
full,1552,0.5421413259305575,0.7189332901970242,0.1767919642664667
full,1553,0.5442691021571935,0.7091945524008882,0.16492545024369476
full,1554,0.5534341666058663,0.7191181250015555,0.16568395839568917
full,1555,0.5535260444840954,0.7248651701998864,0.17133912571579102
full,1556,0.5369218935306127,0.7196821738461736,0.1827602803155609
full,1557,0.5545999236320208,0.7217706372069905,0.1671707135749697
full,1558,0.5616401538868746,0.7305219379195254,0.16888178403265075
full,1559,0.5456132095158307,0.7224820104144416,0.1768688008986109
full,1560,0.5328047681691144,0.7262239241536652,0.19341915598455084
full,1561,0.525414364636687,0.7248905221299201,0.1994761574932331
full,1562,0.5263639358403213,0.7196273515383035,0.19326341569798222
full,1563,0.5403021048762802,0.7200170160384215,0.17971491116214133
full,1564,0.5326324328367773,0.723023399664348,0.19039096682757073
full,1565,0.5399399210863353,0.722721634541423,0.18278171345508776
full,1566,0.5260221138564873,0.7173564698251611,0.19133435596867376
full,1567,0.5455773210789271,0.7174619908364518,0.1718846697575247
full,1568,0.5395901524192933,0.7196325473403689,0.18004239492107554
full,1569,0.5449748726793071,0.7182299068522252,0.1732550341729181
full,1570,0.5516531974372348,0.713628554074893,0.16197535663765816
full,1571,0.5467318911741998,0.7124946106247207,0.1657627194505209
full,1572,0.5331163614728053,0.7204377634509904,0.18732140197818514
full,1573,0.5435521123624383,0.721404981152435,0.17785286878999673
full,1574,0.5275454064839963,0.7270833580718867,0.19953795158789045
full,1575,0.5577174662115586,0.7245748544660631,0.16685738825450447
full,1576,0.5401473605644793,0.7252436340236864,0.1850962734592071
full,1577,0.5288861639349821,0.7249418080033252,0.19605564406834308
full,1578,0.532310798875472,0.7227667521943565,0.19045595331888454
full,1579,0.53097447997818,0.7165108624450155,0.18553638246683546
full,1580,0.5540148972044509,0.7200513528597171,0.16603645565526626
full,1581,0.5405639132541341,0.7190644596856247,0.1785005464314906
full,1582,0.5489482195795079,0.7226754070636442,0.1737271874841363
full,1583,0.5643766720403587,0.7180057482386898,0.1536290761983311
full,1584,0.55776975307563,0.7165981825356671,0.15882842946003706
full,1585,0.5605338966090013,0.7290377117526277,0.16850381514362633
full,1586,0.5462608506505247,0.7178745485792551,0.1716136979287305
full,1587,0.5432202655125149,0.7196525733149437,0.1764323078024288
full,1588,0.5208554643004822,0.7259297487693036,0.20507428446882137
full,1589,0.5541378082515995,0.7244106397722766,0.17027283152067707
full,1590,0.5407463516506397,0.7172296691033154,0.17648331745267576
full,1591,0.5734098232386056,0.7195601496189249,0.14615032638031933
full,1592,0.549095812260807,0.726791490739372,0.17769567847856504
full,1593,0.5178182189284264,0.7225769480539217,0.2047587291254953
full,1594,0.5413016341892382,0.7236378195126306,0.18233618532339246
full,1595,0.5220886622623814,0.7198335424728772,0.19774488021049585
full,1596,0.5547588659404524,0.71839318987714,0.16363432393668753
full,1597,0.5385548432437889,0.7155772315365938,0.17702238829280492
full,1598,0.5299625028190562,0.7195356650592996,0.18957316224024334
full,1599,0.5429576793640027,0.7198164677756707,0.1768587884116679
full,1600,0.529089090167136,0.7152898956304256,0.18620080546328954
full,1601,0.5347850792499425,0.7245883394260203,0.18980326017607785
full,1602,0.5067929402816097,0.718480999083893,0.21168805880228325
full,1603,0.5203349814354475,0.7265298359833545,0.20619485454790698
full,1604,0.5449811056685102,0.7245410018082404,0.17955989613973022
full,1605,0.5407276247716086,0.7269075502711703,0.18617992549956164
full,1606,0.5383194184749946,0.7198898782776655,0.18157045980267084
full,1607,0.5448014120624136,0.7233076666048271,0.17850625454241353
full,1608,0.5637806344071478,0.7191022847307489,0.15532165032360112
full,1609,0.5487177355103685,0.7236008140366288,0.17488307852626028
full,1610,0.5423655543809757,0.7147314084531345,0.17236585407215887
full,1611,0.5443421173714824,0.721893288330746,0.17755117095926354
full,1612,0.5380926103298844,0.7213075601556688,0.18321494982578435
full,1613,0.5430886823683122,0.7280278950009493,0.18493921263263713
full,1614,0.5621941194395945,0.7145181536169631,0.15232403417736862
full,1615,0.5444775085417726,0.7164735375128323,0.1719960289710597
full,1616,0.529822447414107,0.7171511515171881,0.1873287041030811
full,1617,0.5697967323980767,0.723131549465171,0.1533348170670943
full,1618,0.5530720598373012,0.719279349151578,0.16620728931427675
full,1619,0.5629758490052181,0.7222011477447517,0.15922529873953362
full,1620,0.5508229777790088,0.7272770453538044,0.17645406757479565
full,1621,0.558294015792361,0.7150816889133789,0.15678767312101782
full,1622,0.5498227068130735,0.7231737032300892,0.17335099641701568
full,1623,0.5424375565985206,0.7247381202112606,0.18230056361274005
full,1624,0.5299002870429557,0.7152328562459556,0.1853325692029999
full,1625,0.5385734091143294,0.7122945757660898,0.1737211666517604
full,1626,0.543573186418497,0.7154214853342197,0.17184829891572273
full,1627,0.5363604490442616,0.7207286630870635,0.1843682140428019
full,1628,0.5220447526925224,0.7235585185531898,0.20151376586066738
full,1629,0.5405782696403786,0.72074164352664,0.18016337388626147
full,1630,0.536902298639083,0.7200309421693488,0.1831286435302658
full,1631,0.5497093487633553,0.7196303384998237,0.1699209897364684
full,1632,0.5511018897058767,0.7239699396056688,0.1728680498997921
full,1633,0.5464868376154794,0.7215753545711715,0.17508851695569205
full,1634,0.5465833575824346,0.7150619695041187,0.16847861192168412
full,1635,0.5314580708570591,0.7255793376356972,0.19412126677863806
full,1636,0.5605834995693286,0.7220546386923651,0.16147113912303646
full,1637,0.5288806509154159,0.7235135099971349,0.194632859081719
full,1638,0.5561448101768408,0.723243458117611,0.16709864794077023
full,1639,0.5262895571522794,0.7189437543123027,0.1926541971600233
full,1640,0.5356000142700628,0.7210035253114953,0.1854035110414325
full,1641,0.5333488718788187,0.7185808405331058,0.18523196865428704
full,1642,0.5316818411785079,0.7204641407884675,0.18878229960995963
full,1643,0.559494580838892,0.7231930558486432,0.1636984750097512
full,1644,0.5400851711219568,0.7172057362139331,0.17712056509197638
full,1645,0.5493311093739519,0.7231501210982554,0.17381901172430347
full,1646,0.53850106271205,0.7231679296293716,0.1846668669173216
full,1647,0.5418572522017553,0.7220161380089958,0.1801588858072405
full,1648,0.5373721423989566,0.7190724561710654,0.18170031377210882
full,1649,0.5327426092863611,0.7257602103439376,0.19301760105757648
full,1650,0.5524223998243348,0.7167408448874172,0.16431844506308235
full,1651,0.534043573358425,0.7241468185475656,0.19010324518914057
full,1652,0.5522232876282256,0.7206529637463863,0.16842967611816073
full,1653,0.528960962861333,0.7227753897240329,0.1938144268626999
full,1654,0.5440644632529145,0.7207097377662407,0.17664527451332623
full,1655,0.5370546816643437,0.7331072822829384,0.19605260061859475
full,1656,0.5384483756806744,0.7227755233725479,0.18432714769187353
full,1657,0.5237230303772538,0.7274157776546537,0.20369274727739994
full,1658,0.5448832414624778,0.7197154865477824,0.1748322450853046
full,1659,0.5272262427127103,0.7187970965916469,0.19157085387893658
full,1660,0.5324418712248531,0.7276445664803255,0.1952026952554724
full,1661,0.5537875232454976,0.7151443377905294,0.1613568145450318
full,1662,0.5364275119529308,0.7179592951020075,0.1815317831490767
full,1663,0.53111360989396,0.7186323969669454,0.18751878707298542
full,1664,0.5231497376285689,0.7204921074701861,0.19734236984161724
full,1665,0.5241171930081594,0.721808121805115,0.1976909287969556
full,1666,0.550919597169343,0.726085128338893,0.17516553116955003
full,1667,0.5291961122439456,0.7200871745415467,0.1908910622976011
full,1668,0.530956813753783,0.7154489957460675,0.18449218199228445
full,1669,0.5440910280894239,0.7256914842457327,0.18160045615630882
full,1670,0.5484474315472769,0.7195175835337946,0.17107015198651765
full,1671,0.5560205654622502,0.7196137789050245,0.16359321344277433
full,1672,0.522149669338142,0.7165025454581203,0.1943528761199783
full,1673,0.5225638350352709,0.7214427197834319,0.19887888474816096
full,1674,0.5434618510912416,0.7170368747522721,0.1735750236610305
full,1675,0.5359323900674962,0.7167091046380989,0.18077671457060274
full,1676,0.5520313882861754,0.7265431702384899,0.17451178195231454
full,1677,0.5091453239039886,0.7190330084475783,0.20988768454358975
full,1678,0.5668126013756222,0.7159079773312854,0.14909537595566325
full,1679,0.5190270611891628,0.718318729290428,0.1992916681012652
full,1680,0.5454148417992781,0.7155910368349104,0.1701761950356323
full,1681,0.5409824548099242,0.7285316961624188,0.1875492413524945
full,1682,0.5560526210891189,0.7215115178315281,0.1654588967424092
full,1683,0.5309848686026559,0.7238229193209874,0.1928380507183315
full,1684,0.5403860264228518,0.7201984994098856,0.17981247298703373
full,1685,0.5535189780298262,0.7207122255984476,0.16719324756862142
full,1686,0.5515713166825691,0.728501895141865,0.17693057845929594
full,1687,0.5409529592934809,0.726705757399737,0.1857527981062561
full,1688,0.5332546503432735,0.7214557582881717,0.1882011079448982
full,1689,0.541606523616913,0.728108077878311,0.18650155426139803
full,1690,0.5386088071454098,0.7150649460503027,0.17645613890489287
full,1691,0.555862373715153,0.7170001676976765,0.16113779398252348
full,1692,0.5508185166928143,0.7176418155389559,0.16682329884614155
full,1693,0.5361557539342299,0.7260932206458842,0.18993746671165435
full,1694,0.5649593310519665,0.7210794405091882,0.15612010945722166
full,1695,0.5587011071000814,0.7241613938659739,0.16546028676589253
full,1696,0.5479691690437113,0.722775702505113,0.17480653346140174
full,1697,0.5266812623646338,0.7198996342029813,0.19321837183834756
full,1698,0.5301019716071745,0.7224146517657197,0.1923126801585452
full,1699,0.5589808243558827,0.7142781007839106,0.15529727642802793
full,1700,0.5453358289659851,0.7165363483295851,0.17120051936360003
full,1701,0.5369619128131639,0.7220495006973131,0.18508758788414925
full,1702,0.5494005671763867,0.7257994307869697,0.176398863610583
full,1703,0.5599977472519876,0.712825507933847,0.15282776068185944
full,1704,0.522162649692573,0.7232049456299949,0.20104229593742196
full,1705,0.5231791553962649,0.7308071392744254,0.2076279838781605
full,1706,0.5453404270344926,0.7190547425729059,0.17371431553841332
full,1707,0.5496051604850667,0.7149610403563502,0.16535587987128353
full,1708,0.549214625268488,0.7258011407624375,0.17658651549394955
full,1709,0.5284827162917529,0.7190812828856202,0.1905985665938673
full,1710,0.523770680798705,0.722677853925832,0.1989071731271269
full,1711,0.5312874934708154,0.7195106215869109,0.18822312811609554
full,1712,0.5358429963530877,0.7229344677660038,0.18709147141291604
full,1713,0.5559358869413179,0.7163295184362727,0.16039363149495478
full,1714,0.5238593977207647,0.7239071528681085,0.20004775514734374
full,1715,0.5503593431085625,0.7175299120219102,0.1671705689133477
full,1716,0.5449258299556091,0.7226803469182888,0.17775451696267963
full,1717,0.5344611498139692,0.7246843280207113,0.19022317820674206
full,1718,0.5646946814021916,0.7186582299873464,0.15396354858515482
full,1719,0.5573700279291557,0.7231097184677826,0.16573969053862692
full,1720,0.5432132292938129,0.7179260018482245,0.17471277255441164
full,1721,0.5475544570725385,0.7212722967017516,0.17371783962921317
full,1722,0.5406841868260643,0.7178381343632998,0.17715394753723546
full,1723,0.5423699774598751,0.712669946816954,0.1702999693570788
full,1724,0.5538102555097253,0.7208470601484017,0.16703680463867643
full,1725,0.5342261609055582,0.7138093997637615,0.17958323885820326
full,1726,0.555957899179817,0.718849380237107,0.16289148105729
full,1727,0.5380702259766926,0.7211554324466215,0.18308520646992887
full,1728,0.5562808493417812,0.7196782205274347,0.16339737118565345
full,1729,0.5414558321999404,0.7207303774318766,0.1792745452319362
full,1730,0.5430674926298129,0.7333256122170116,0.19025811958719874
full,1731,0.5525702279913917,0.7266536013911692,0.17408337339977753
full,1732,0.5496448934103192,0.7277223268477481,0.17807743343742888
full,1733,0.5552289630540072,0.720370642036839,0.16514167898283183
full,1734,0.5647542384706921,0.7187599059943015,0.15400566752360945
full,1735,0.5501036774842426,0.7177922810919911,0.1676886036077485
full,1736,0.5382446900454316,0.7178147379863338,0.17957004794090214
full,1737,0.5566703534160296,0.7131095659108503,0.15643921249482073
full,1738,0.5303735968369507,0.7196760482368273,0.18930245139987656
full,1739,0.5442292523673268,0.7218677188752823,0.17763846650795556
full,1740,0.5429478401830542,0.71518158182184,0.1722337416387858
full,1741,0.5471425277214286,0.7217274280996818,0.17458490037825325
full,1742,0.5511250771153174,0.7257839664444862,0.17465888932916873
full,1743,0.5312434463638589,0.7180020716997382,0.18675862533587928
full,1744,0.541744546630613,0.7247443443280782,0.18299979769746522
full,1745,0.5570726252783303,0.7093458294758147,0.15227320419748436
full,1746,0.5525577940327844,0.7154998398603724,0.16294204582758798
full,1747,0.5388514122038351,0.7194417761476601,0.180590363943825
full,1748,0.5401459473660549,0.7247939333087976,0.18464798594274268
full,1749,0.5635535281445666,0.717372999072018,0.1538194709274514
full,1750,0.5398320285243857,0.7226081848398718,0.18277615631548605
full,1751,0.5163324417352836,0.7178186115921081,0.20148616985682455
full,1752,0.5404849691696803,0.7187606263440387,0.17827565717435845
full,1753,0.5652296696650382,0.7257195646812299,0.1604898950161917
full,1754,0.548430735050108,0.7202004979070068,0.17176976285689882
full,1755,0.578702541967589,0.7228711738501233,0.14416863188253437
full,1756,0.5411328310708363,0.7227198907509188,0.18158705968008249
full,1757,0.5496056967253669,0.7157178719215196,0.16611217519615273
full,1758,0.5428448563352027,0.7236340531463857,0.180789196811183
full,1759,0.5506113388887499,0.7192782351751054,0.16866689628635545
full,1760,0.559872541798444,0.7190994485045493,0.1592269067061053
full,1761,0.5542951083390621,0.7211890694538784,0.16689396111481625
full,1762,0.5472643564612751,0.714595887253168,0.1673315307918929
full,1763,0.5596482069774146,0.7168932040833325,0.15724499710591788
full,1764,0.543872774524882,0.7276485498547188,0.1837757753298368
full,1765,0.5546586425032366,0.7197992618997967,0.1651406193965601
full,1766,0.5604891244959166,0.7229250550226208,0.16243593052670424
full,1767,0.5398345547199155,0.7139046665884284,0.17407011186851296
full,1768,0.5377655912913103,0.7198095786794397,0.18204398738812944
full,1769,0.5474541015933289,0.7224500557311353,0.17499595413780644
full,1770,0.533940492828295,0.717917774488491,0.183977281660196
full,1771,0.5492856269501961,0.7183989228544353,0.16911329590423918
full,1772,0.5483020339155747,0.7191701124227045,0.1708680785071297
full,1773,0.5453363089834009,0.7183678367146006,0.17303152773119967
full,1774,0.536129849197427,0.7203680690777057,0.18423821988027866
full,1775,0.535508238666447,0.721623058299914,0.186114819633467
full,1776,0.5766458432161997,0.7165279595358601,0.1398821163196604
full,1777,0.5414817608717409,0.7206091803413927,0.17912741946965172
full,1778,0.5382297698346363,0.7244458698171534,0.1862160999825171
full,1779,0.5258836718853254,0.7215368870017504,0.19565321511642508
full,1780,0.5537514779745281,0.7209735297920213,0.16722205181749328
full,1781,0.5367661876832414,0.7143541836938961,0.17758799601065478
full,1782,0.5410600859432683,0.7104790577498393,0.16941897180657106
full,1783,0.5252690644462842,0.7208343972355351,0.19556533278925092
full,1784,0.5385132881514583,0.720310952709352,0.1817976645578937
full,1785,0.5377961113813855,0.722502733967074,0.18470662258568848
full,1786,0.5387871559236541,0.7215937126634772,0.18280655673982305
full,1787,0.5513091932271689,0.7165609606171617,0.1652517673899928
full,1788,0.5497830805132102,0.7202254780271468,0.17044239751393653
full,1789,0.5420819740176503,0.7162602009972929,0.17417822697964258
full,1790,0.5561997714030523,0.720230859363528,0.16403108796047572
full,1791,0.5371728527300489,0.7227377357750547,0.18556488304500585
full,1792,0.5403009947043848,0.7248274177079265,0.18452642300354172
full,1793,0.5277021281605561,0.7269461627446112,0.19924403458405515
full,1794,0.543570383544899,0.7193144788394245,0.1757440952945255
full,1795,0.5441981108686653,0.7140123464629142,0.1698142355942489
full,1796,0.5689960957842822,0.7228134036095522,0.15381730782526992
full,1797,0.5453684622391095,0.7237909979697487,0.17842253573063915
full,1798,0.5342345030267793,0.7229313608740929,0.1886968578473136
full,1799,0.5365397994667427,0.7196353934759666,0.18309559400922393
full,1800,0.5207390420901176,0.7219064479898927,0.2011674058997751
full,1801,0.553776155940422,0.7196188707198417,0.1658427147794197
full,1802,0.5414389975671188,0.7153850627254097,0.17394606515829092
full,1803,0.5299961034323056,0.7193899604646126,0.18939385703230693
full,1804,0.5531117307758794,0.7179558694245807,0.1648441386487013
full,1805,0.5277936255527644,0.7230528362134975,0.19525921066073304
full,1806,0.5398823667317124,0.724065793181703,0.18418342644999064
full,1807,0.5434365723854471,0.7212850139884835,0.17784844160303648
full,1808,0.5677864457502722,0.71451690052241,0.14673045477213786
full,1809,0.5377600991495309,0.7296081094526783,0.19184801030314735
full,1810,0.5569149639223908,0.7167493752990637,0.15983441137667287
full,1811,0.5445846025002391,0.7210033109626364,0.17641870846239727
full,1812,0.5574603371200341,0.7223365530826515,0.16487621596261748
full,1813,0.5528371013416277,0.7306664095756933,0.17782930823406562
full,1814,0.5621813402214161,0.7200875687423791,0.15790622852096303
full,1815,0.5396788857882739,0.721871077002956,0.1821921912146821
full,1816,0.5525854333608371,0.7189244055013664,0.16633897214052928
full,1817,0.5264253278008777,0.7126537071019192,0.18622837930104152
full,1818,0.5448824123042225,0.7203851237044414,0.1755027114002189
full,1819,0.5639647355709025,0.7272644884968752,0.16329975292597265
full,1820,0.531473830923336,0.7184719305768094,0.18699809965347336
full,1821,0.531556564408534,0.7283027911017733,0.19674622669323927
full,1822,0.5460359537801714,0.7196702689827765,0.17363431520260508
full,1823,0.537340403402,0.7268991667200188,0.1895587633180188
full,1824,0.5622427068955688,0.7274444605510706,0.16520175365550183
full,1825,0.532527353797714,0.7279425824604593,0.1954152286627453
full,1826,0.528036792159263,0.7234003218963004,0.1953635297370374
full,1827,0.5612903497511836,0.7212222687114125,0.15993191896022885
full,1828,0.5330517850144224,0.7133114033513832,0.1802596183369608
full,1829,0.5346164011086044,0.7151087108700616,0.18049230976145714
full,1830,0.5231740483552533,0.727424566480257,0.20425051812500372
full,1831,0.5380695425913832,0.7228310697337801,0.1847615271423969
full,1832,0.5538614303623326,0.7220553182802886,0.16819388791795598
full,1833,0.5479527343149614,0.7201659057861115,0.17221317147115012
full,1834,0.5213698750323819,0.7215930305669622,0.20022315553458037
full,1835,0.5587148593892362,0.7206834956141871,0.16196863622495095
full,1836,0.5470592869950929,0.721864414058006,0.17480512706291318
full,1837,0.5487008485771857,0.7080259190793144,0.15932507050212874
full,1838,0.5484235953273936,0.7333956438842002,0.1849720485568066
full,1839,0.5430656958212712,0.7100270392557598,0.16696134343448865
full,1840,0.5486979738721737,0.7228121264323868,0.17411415256021312
full,1841,0.5507617703535997,0.7134863964395871,0.16272462608598737
full,1842,0.5177966838208479,0.7218345259217457,0.20403784210089781
full,1843,0.5354329836406996,0.7251675403335743,0.18973455669287476
full,1844,0.5380322538530891,0.7145153208532016,0.17648306700011251
full,1845,0.5325928591172449,0.723106398222536,0.19051353910529112
full,1846,0.5717597566093908,0.7190814191112006,0.14732166250180978
full,1847,0.5537318768953479,0.7126676884534754,0.15893581155812753
full,1848,0.5591011643758677,0.7176261800243745,0.15852501564850685
full,1849,0.5402503551059245,0.7210229662133951,0.18077261110747067
full,1850,0.5393657814692616,0.7194433528919534,0.18007757142269176
full,1851,0.550692793587537,0.7261715878814765,0.17547879429393953
full,1852,0.5412310659087389,0.7199417254197578,0.17871065951101883
full,1853,0.5339586403584218,0.7182613952097692,0.1843027548513474
full,1854,0.5453885263821239,0.715741529588085,0.17035300320596114
full,1855,0.5292900700661703,0.7229441612936008,0.1936540912274305
full,1856,0.5321531904162337,0.7267817528702515,0.19462856245401783
full,1857,0.5451723329658408,0.7160683119939742,0.17089597902813347
full,1858,0.5531333085013012,0.7218371494826898,0.1687038409813887
full,1859,0.5539440635608701,0.7156232336933577,0.16167917013248756
full,1860,0.5669963434438451,0.7203824266075355,0.1533860831636904
full,1861,0.5408060653966077,0.7234087916828573,0.18260272628624963
full,1862,0.5325024071508379,0.724132494301425,0.19163008715058716
full,1863,0.5495107050695717,0.7212531396368854,0.17174243456731375
full,1864,0.5422212249204772,0.7240898686431428,0.18186864372266565
full,1865,0.554186774097492,0.7222248355574548,0.1680380614599628
full,1866,0.5155139746029154,0.7235473410468938,0.2080333664439784
full,1867,0.5689035517601664,0.7261272466681998,0.15722369490803345
full,1868,0.5380714661734902,0.7179874315239526,0.1799159653504624
full,1869,0.5242175160518648,0.7175274692198302,0.1933099531679654
full,1870,0.546104663049501,0.7183505037081844,0.17224584065868342
full,1871,0.5383190484531312,0.7262860416291311,0.18796699317599996
full,1872,0.5385040875838542,0.7254118431887105,0.1869077556048564
full,1873,0.5611683748774008,0.7187569756368207,0.15758860075941994
full,1874,0.5529630611821464,0.7147187524939362,0.1617556913117898
full,1875,0.552054890455299,0.7273599289395061,0.1753050384842071
full,1876,0.5172153705801767,0.7182875361523083,0.2010721655721316
full,1877,0.5445045632622002,0.7178974254758875,0.17339286221368733
full,1878,0.5531047893192381,0.7213029712392097,0.1681981819199716
full,1879,0.5370506270783003,0.7210976969525532,0.1840470698742529
full,1880,0.5472584950232221,0.7209490406563035,0.1736905456330814
full,1881,0.5393037752183503,0.7249643366283139,0.18566056140996368
full,1882,0.5591956093828737,0.7180301957865775,0.15883458640370374
full,1883,0.5524114213765069,0.722106727662037,0.1696953062855301
full,1884,0.5460281841487499,0.7174192815630389,0.17139109741428904
full,1885,0.5518405216345421,0.7200950584033817,0.1682545367688396
full,1886,0.5553297398444547,0.7158910386472074,0.16056129880275272
full,1887,0.5464519082014213,0.7210665063040214,0.17461459810260005
full,1888,0.5560836258457225,0.7240128489978944,0.16792922315217196
full,1889,0.5656627449623876,0.7194882649695277,0.15382552000714012
full,1890,0.5484368060239068,0.7279983510494544,0.17956154502554766
full,1891,0.5437781663645876,0.7211116046457401,0.17733343828115244
full,1892,0.5484667380861149,0.7214334108470567,0.1729666727609418
full,1893,0.5688860736519469,0.7200655309217928,0.15117945726984594
full,1894,0.5416791833027148,0.7203292165825611,0.1786500332798463
full,1895,0.5450259863683953,0.7162307958552857,0.17120480948689043
full,1896,0.5441794442978801,0.7242191357028076,0.18003969140492748
full,1897,0.5453400742526492,0.7192400488638933,0.17389997461124407
full,1898,0.5473813108264649,0.7185083869799693,0.17112707615350442
full,1899,0.5482451666027772,0.7202047814735618,0.1719596148707846
full,1900,0.5171969173304043,0.7246094156455523,0.20741249831514796
full,1901,0.5586643671912875,0.7173353891547173,0.15867102196342975
full,1902,0.5383860990272598,0.7229343195307059,0.1845482205034461
full,1903,0.540262860852624,0.7140778112180077,0.17381495036538375
full,1904,0.5267882919914093,0.7159509551766318,0.18916266318522246
full,1905,0.5304126801837811,0.7225185907948909,0.19210591061110982
full,1906,0.5501738372703179,0.7159160099735424,0.16574217270322456
full,1907,0.5303454147644537,0.7180378403107636,0.18769242554630983
full,1908,0.5446280322182403,0.7195308341646459,0.17490280194640562
full,1909,0.5485488460861307,0.7170230147177825,0.16847416863165177
full,1910,0.5496661194839064,0.7168317813707505,0.16716566188684412
full,1911,0.575499413973105,0.7205845669735506,0.14508515300044555
full,1912,0.5592380635133506,0.7226839287830789,0.16344586526972826
full,1913,0.5447285357530854,0.7252552538818361,0.18052671812875065
full,1914,0.529648746110771,0.7176508425334317,0.18800209642266075
full,1915,0.5222422130036103,0.7102876095658606,0.18804539656225028
full,1916,0.549656592008705,0.7221916947207095,0.17253510271200456
full,1917,0.5544562411312479,0.7292477417228067,0.1747915005915588
full,1918,0.5301813907046274,0.7221559749724339,0.19197458426780645
full,1919,0.5485218100889963,0.7181797825017553,0.16965797241275904
full,1920,0.539588743088056,0.721269925216658,0.18168118212860196
full,1921,0.5534977211090286,0.7227117630266275,0.16921404191759892
full,1922,0.5503592892260847,0.7294419767245474,0.17908268749846268
full,1923,0.5402381810948604,0.7224873131952319,0.1822491321003714
full,1924,0.544548236327085,0.7197162769103421,0.17516804058325708
full,1925,0.5616841451130843,0.7197438854856294,0.1580597403725451
full,1926,0.5311082385115805,0.7235804798669994,0.19247224135541885
full,1927,0.5244416971772842,0.7167798190161728,0.19233812183888865
full,1928,0.5430842267875239,0.7261695688715765,0.18308534208405258
full,1929,0.55254422373256,0.7175474878439729,0.16500326411141297
full,1930,0.5286611879953693,0.7128456744153666,0.1841844864199973
full,1931,0.5292734294351062,0.7257296824149452,0.19645625297983893
full,1932,0.5543763270110235,0.7234039048725779,0.16902757786155442
full,1933,0.5293712430126305,0.7238320098304913,0.19446076681786084
full,1934,0.5348053515095246,0.7141811580245068,0.1793758065149822
full,1935,0.5399047460921181,0.7197823052876643,0.17987755919554616
full,1936,0.5493545737969097,0.7209513547924151,0.17159678099550546
full,1937,0.5630625904476626,0.7155303887874062,0.15246779833974355
full,1938,0.5408821393521618,0.7322615424626577,0.19137940311049595
full,1939,0.528962688588674,0.7270214598154211,0.1980587712267471
full,1940,0.5275853573570662,0.7174951408991082,0.1899097835420419
full,1941,0.5239698564542239,0.723226153185538,0.19925629673131406
full,1942,0.543996352123787,0.7228136974621505,0.17881734533836346
full,1943,0.5532907649155409,0.7219813331097739,0.168690568194233
full,1944,0.5573040033799516,0.7216317791743193,0.16432777579436775
full,1945,0.5259037018928041,0.7201762588374719,0.19427255694466783
full,1946,0.5449690386004916,0.7222959623501846,0.17732692374969294
full,1947,0.5436936325809517,0.7164516506868093,0.17275801810585756
full,1948,0.5479017427689794,0.7132469786111828,0.1653452358422034
full,1949,0.5299898017857306,0.7204511944926246,0.190461392706894
full,1950,0.5339703454413315,0.7233443557414236,0.18937401030009215
full,1951,0.5196368198628708,0.7246961029194152,0.20505928305654442
full,1952,0.5178457988628999,0.7253340145151168,0.20748821565221687
full,1953,0.5482609713326114,0.7196064144589038,0.1713454431262924
full,1954,0.546118920314928,0.717648736693933,0.171529816379005
full,1955,0.5453624078198357,0.7140721326454916,0.16870972482565594
full,1956,0.561001988543939,0.7187948349361953,0.15779284639225633
full,1957,0.5248993081190547,0.7195378905806328,0.19463858246157806
full,1958,0.550025999729638,0.7227604666860934,0.17273446695645545
full,1959,0.5395018209844484,0.7206057603557199,0.18110393937127145
full,1960,0.5392944300920273,0.7165809525240212,0.17728652243199394
full,1961,0.5622672117587972,0.7155999527684803,0.15333274100968308
full,1962,0.5449161145651146,0.7185529790062025,0.17363686444108795
full,1963,0.5246021082730826,0.7183650888985947,0.19376298062551212
full,1964,0.5441649466671472,0.7113057354582715,0.16714078879112426
full,1965,0.5479675960417566,0.7306200468633448,0.1826524508215882
full,1966,0.5331261356569389,0.7221445233050379,0.18901838764809897
full,1967,0.5642356683898948,0.7193748477418186,0.15513917935192378
full,1968,0.5529576308850574,0.7219277571611763,0.16897012627611885
full,1969,0.5375891950882887,0.7249299516659004,0.18734075657761162
full,1970,0.5699986812741645,0.723747440241945,0.1537487589677805
full,1971,0.5682489365425912,0.7141761579763543,0.14592722143376302
full,1972,0.5336816602853521,0.722619678868554,0.18893801858320192
full,1973,0.5178309145615961,0.7265345010767248,0.20870358651512866
full,1974,0.5542121519040398,0.7183533880066325,0.16414123610259268
full,1975,0.5714739421412088,0.7257136426454084,0.15423970050419955
full,1976,0.5506132376141781,0.7088440849156997,0.1582308473015216
full,1977,0.5380735256367685,0.7218744723925996,0.18380094675583114
full,1978,0.5588062620087163,0.7160342609174514,0.15722799890873507
full,1979,0.5520793090249827,0.7251859534844496,0.17310664445946689
full,1980,0.5335817919954973,0.7260260429651846,0.1924442509696873
full,1981,0.5571660145018782,0.7179995172856243,0.16083350278374609
full,1982,0.5452005382744516,0.7212844813477258,0.17608394307327424
full,1983,0.5371883037721091,0.7206713822157614,0.1834830784436523
full,1984,0.5436976575899938,0.7241634261736922,0.18046576858369845
full,1985,0.5474251511226136,0.7195749247357148,0.17214977361310124
full,1986,0.5435888072533871,0.718666983641868,0.1750781763884809
full,1987,0.5479830773819155,0.7158679938133055,0.16788491643138992
full,1988,0.5668434801142298,0.7181450074289073,0.1513015273146775
full,1989,0.5612559079957468,0.7235735861189949,0.16231767812324815
full,1990,0.5552201055698095,0.7172704435265227,0.1620503379567132
full,1991,0.540364789903747,0.7312423404648535,0.19087755056110645
full,1992,0.5411345762935422,0.7253508762720575,0.1842162999785153
full,1993,0.5543276681197548,0.7197645534922824,0.16543688537252765
full,1994,0.551291423200796,0.7255292971472777,0.1742378739464816
full,1995,0.5550665391908074,0.7183921189974616,0.1633255798066542
full,1996,0.5285368443426325,0.721895553198238,0.19335870885560547
full,1997,0.5359964431439981,0.7148108155313434,0.17881437238734532
full,1998,0.5475466241807375,0.7145566255222338,0.16701000134149624
full,1999,0.5345092875907448,0.7259327741931683,0.19142348660242348
conventional_only,0,0.519919148051281,0.7007421310842192,0.1808229830329382
conventional_only,1,0.542087043963681,0.7086713932863179,0.16658434932263688
conventional_only,2,0.5338423563132527,0.7200036128127907,0.18616125649953796
conventional_only,3,0.5146169474422345,0.7025095103899065,0.18789256294767198
conventional_only,4,0.5018063429170994,0.7083042007122912,0.2064978577951918
conventional_only,5,0.535731176596566,0.720160766544235,0.184429589947669
conventional_only,6,0.5226908906540758,0.7055224943547448,0.18283160370066898
conventional_only,7,0.5200990655887476,0.7148129981685585,0.19471393257981084
conventional_only,8,0.5482318322815879,0.6981070371829932,0.14987520490140527
conventional_only,9,0.5189839989935927,0.7024658981803836,0.18348189918679092
conventional_only,10,0.5280138875606704,0.7044395418641967,0.1764256543035263
conventional_only,11,0.5272224040595008,0.7105312586298557,0.18330885457035484
conventional_only,12,0.5488902765177229,0.7196242978378515,0.1707340213201286
conventional_only,13,0.5281762342993006,0.6951944598907164,0.16701822559141577
conventional_only,14,0.5148974280652346,0.709084973385834,0.19418754532059934
conventional_only,15,0.5255320473996679,0.7069141188485364,0.18138207144886853
conventional_only,16,0.525807722885163,0.7112129512099138,0.18540522832475081
conventional_only,17,0.5304053577667776,0.711705392338436,0.18130003457165844
conventional_only,18,0.5336439243478938,0.7025461121220816,0.16890218777418786
conventional_only,19,0.5312575831728322,0.7092411851313581,0.17798360195852592
conventional_only,20,0.5203238469628811,0.710387334778675,0.19006348781579385
conventional_only,21,0.5290009791278625,0.7058782222513674,0.17687724312350495
conventional_only,22,0.5366139099799194,0.7109798784924127,0.1743659685124933
conventional_only,23,0.527381490429106,0.717503918626236,0.19012242819713
conventional_only,24,0.5270145425923406,0.7051978124578865,0.1781832698655459
conventional_only,25,0.5583823338086936,0.7121094214757654,0.15372708766707177
conventional_only,26,0.5355640684934689,0.7017404908344977,0.1661764223410288
conventional_only,27,0.5397886039889856,0.7097780964623381,0.1699894924733525
conventional_only,28,0.5362331798146553,0.7145729183693581,0.17833973855470275
conventional_only,29,0.5413460358933827,0.7154764017617953,0.17413036586841257
conventional_only,30,0.5191028415532919,0.719216393258246,0.20011355170495415
conventional_only,31,0.5371199788725926,0.7200107693414156,0.18289079046882306
conventional_only,32,0.515439374894343,0.7122694304016834,0.19683005550734045
conventional_only,33,0.5394562935989353,0.7153096320043804,0.17585333840544504
conventional_only,34,0.5211949892580899,0.7171739420501457,0.1959789527920558
conventional_only,35,0.5309088645108495,0.7082014220260265,0.17729255751517703
conventional_only,36,0.5242742604545806,0.7090164638900295,0.1847422034354489
conventional_only,37,0.5116532536291588,0.7141519234682195,0.20249866983906073
conventional_only,38,0.5337612165000546,0.7033392143932458,0.16957799789319117
conventional_only,39,0.5283815253268327,0.713902356143659,0.18552083081682635
conventional_only,40,0.5478666114527101,0.7113064442473749,0.16343983279466479
conventional_only,41,0.5663421860101413,0.7148605408037216,0.14851835479358033
conventional_only,42,0.5137084483673773,0.7131634454178138,0.19945499705043657
conventional_only,43,0.5302094989745539,0.7145065121137073,0.18429701313915337
conventional_only,44,0.5535741542398724,0.705150189602709,0.1515760353628366
conventional_only,45,0.5449608297403011,0.7199295494419438,0.17496871970164263
conventional_only,46,0.5130855627070219,0.7089581907579112,0.19587262805088934
conventional_only,47,0.5361033875097477,0.7082850090170019,0.17218162150725413
conventional_only,48,0.5209334269052736,0.7151402395405024,0.19420681263522888
conventional_only,49,0.531151356328718,0.7112014103683663,0.18005005403964824
conventional_only,50,0.5337535247573133,0.7138360072212544,0.1800824824639411
conventional_only,51,0.5266217938750369,0.7065132457299954,0.17989145185495847
conventional_only,52,0.5118345333676667,0.7077277231571322,0.19589318978946546
conventional_only,53,0.5276266726968855,0.7127584530769785,0.18513178038009304
conventional_only,54,0.5359728323390384,0.7030853052617111,0.16711247292267273
conventional_only,55,0.5125756919833789,0.709848883443739,0.19727319146036004
conventional_only,56,0.5357577724419226,0.7226885445998867,0.18693077215796416
conventional_only,57,0.5293031635961581,0.7073939669407743,0.17809080334461613
conventional_only,58,0.5335451024960958,0.7090601669841852,0.1755150644880894
conventional_only,59,0.5659918551034478,0.7162151075744618,0.15022325247101398
conventional_only,60,0.5535587051973615,0.7068011343292778,0.15324242913191632
conventional_only,61,0.544068703739065,0.7111486427851414,0.16707993904607643
conventional_only,62,0.5200372303560157,0.7073628701114789,0.18732563975546324
conventional_only,63,0.5460716411101375,0.7241332485483128,0.17806160743817534
conventional_only,64,0.5325276355600316,0.7171649157850021,0.1846372802249705
conventional_only,65,0.5519793437903652,0.7064839647205683,0.15450462093020312
conventional_only,66,0.5293063854531616,0.7094446115438067,0.18013822609064511
conventional_only,67,0.5168974128403266,0.7146511282009594,0.1977537153606328
conventional_only,68,0.534763125558115,0.7084121556092574,0.1736490300511424
conventional_only,69,0.5331256961961671,0.7042847006606316,0.17115900446446453
conventional_only,70,0.5236090667155759,0.7038446151229476,0.18023554840737166
conventional_only,71,0.5491934046841346,0.709154135141343,0.15996073045720838
conventional_only,72,0.5163335063481398,0.7089854018750362,0.19265189552689643
conventional_only,73,0.5319439017541139,0.6995242323251549,0.16758033057104105
conventional_only,74,0.5406955351929454,0.7073524952137807,0.1666569600208353
conventional_only,75,0.5361420080429994,0.7122124645661356,0.17607045652313624
conventional_only,76,0.5293548209197073,0.7097349769698731,0.18038015605016577
conventional_only,77,0.5407495164731764,0.7162085664666152,0.17545904999343886
conventional_only,78,0.5239341200134132,0.712207211831636,0.18827309181822283
conventional_only,79,0.5382672347867528,0.718221206293796,0.1799539715070433
conventional_only,80,0.5098443265472187,0.7072030747495353,0.19735874820231658
conventional_only,81,0.5489864208361165,0.7101823204559907,0.16119589961987424
conventional_only,82,0.5235945384185016,0.7026479219658106,0.17905338354730904
conventional_only,83,0.5269324111917949,0.7192269342107636,0.19229452301896865
conventional_only,84,0.5430070754345396,0.7134398136324355,0.17043273819789584
conventional_only,85,0.5326138140538396,0.7032566446884702,0.1706428306346306
conventional_only,86,0.5501105755108223,0.7104239334754675,0.1603133579646452
conventional_only,87,0.5344205551726741,0.7212835081775046,0.18686295300483058
conventional_only,88,0.5239406066416367,0.7192442017968106,0.19530359515517393
conventional_only,89,0.5503728794923135,0.7074893806951421,0.1571165012028286
conventional_only,90,0.5347748988087458,0.7058265512187619,0.17105165241001608
conventional_only,91,0.5214178735819595,0.7119919804188501,0.1905741068368907
conventional_only,92,0.5257161146883758,0.7118198705673742,0.1861037558789984
conventional_only,93,0.5297279630613781,0.713121259263147,0.1833932962017688
conventional_only,94,0.5375313281672293,0.7182818130350601,0.18075048486783085
conventional_only,95,0.5122529277350704,0.7089225674393577,0.1966696397042873
conventional_only,96,0.53280142143375,0.7142085980039028,0.18140717657015282
conventional_only,97,0.5285347593760931,0.7131507523716323,0.1846159929955392
conventional_only,98,0.5456251054347583,0.7035523630880385,0.1579272576532802
conventional_only,99,0.5306723803881537,0.7077390420578737,0.17706666166972007
conventional_only,100,0.5389011409166033,0.7071115684891208,0.16821042757251747
conventional_only,101,0.5266067247294974,0.7098102178620717,0.18320349313257422
conventional_only,102,0.5429394749724206,0.7095896914768741,0.16665021650445355
conventional_only,103,0.5420696368145055,0.7139795955317884,0.17190995871728287
conventional_only,104,0.5413010600934871,0.7063004983432055,0.1649994382497184
conventional_only,105,0.53066362403198,0.712666079781604,0.18200245574962404
conventional_only,106,0.5173327202227985,0.7133856368469845,0.196052916624186
conventional_only,107,0.5217027581166956,0.7165788821218345,0.19487612400513887
conventional_only,108,0.5414940766133198,0.7119199347764679,0.17042585816314804
conventional_only,109,0.5438495521893747,0.7223720566327251,0.17852250444335038
conventional_only,110,0.5335700092161553,0.714653476343988,0.18108346712783274
conventional_only,111,0.5327400175402499,0.69815162419673,0.16541160665648014
conventional_only,112,0.5470498749219143,0.7077922799133703,0.1607424049914561
conventional_only,113,0.5308765578362129,0.7159544495015518,0.18507789166533894
conventional_only,114,0.544653220206675,0.7081723071512845,0.1635190869446096
conventional_only,115,0.5204613037157974,0.7168348263906973,0.19637352267489994
conventional_only,116,0.5467102621332042,0.7175412019773371,0.1708309398441329
conventional_only,117,0.5491812009967937,0.70407410437384,0.1548929033770463
conventional_only,118,0.5362933307378172,0.70154996154648,0.16525663080866282
conventional_only,119,0.5315633795557603,0.7121341432685147,0.18057076371275438
conventional_only,120,0.5359905234538791,0.721199679719583,0.1852091562657039
conventional_only,121,0.540421931563734,0.7075071122399269,0.16708518067619293
conventional_only,122,0.527272593475197,0.7113511435955839,0.18407855012038699
conventional_only,123,0.5277970135492456,0.7183273014090695,0.19053028785982395
conventional_only,124,0.5659510028852136,0.7108512188105495,0.14490021592533586
conventional_only,125,0.529072598665417,0.7049568074687158,0.1758842088032988
conventional_only,126,0.5373183961045545,0.7087771651276434,0.17145876902308899
conventional_only,127,0.5388119207872372,0.7087620594424333,0.16995013865519615
conventional_only,128,0.5225520695056868,0.7056237238025784,0.18307165429689165
conventional_only,129,0.5312250064469037,0.6986653922388781,0.1674403857919744
conventional_only,130,0.5365641285435548,0.7059362167759822,0.16937208823242733
conventional_only,131,0.5102753406112339,0.7122027271100524,0.20192738649881847
conventional_only,132,0.5371730524090635,0.7091856340649647,0.17201258165590116
conventional_only,133,0.544941161067523,0.7096370780175588,0.16469591695003583
conventional_only,134,0.5248410934733365,0.704175008563657,0.17933391509032048
conventional_only,135,0.5295403752269692,0.7150071303398737,0.18546675511290456
conventional_only,136,0.534123917435783,0.7115025733583417,0.17737865592255864
conventional_only,137,0.5184104325362167,0.7110487029940873,0.19263827045787063
conventional_only,138,0.5508217736767921,0.7093902252603105,0.1585684515835184
conventional_only,139,0.5358555688289919,0.7223287552080195,0.18647318637902766
conventional_only,140,0.5284615508452171,0.7059645391291324,0.1775029882839153
conventional_only,141,0.5333950329659758,0.7155494428328437,0.18215440986686793
conventional_only,142,0.5484147307779583,0.7124655821364826,0.16405085135852426
conventional_only,143,0.5376211357979562,0.7140548516447114,0.17643371584675516
conventional_only,144,0.5264339620186892,0.7081404519508706,0.18170648993218141
conventional_only,145,0.5697388882892396,0.7144091426394107,0.1446702543501711
conventional_only,146,0.5445321240874617,0.7093550728546723,0.1648229487672106
conventional_only,147,0.5360793071134504,0.7081440717395089,0.17206476462605846
conventional_only,148,0.5179181006041549,0.6988654157362872,0.18094731513213236
conventional_only,149,0.5327204413053925,0.7093382738276701,0.17661783252227758
conventional_only,150,0.5127260347341622,0.7080428315902264,0.19531679685606418
conventional_only,151,0.5364732202058168,0.7160269889137373,0.1795537687079205
conventional_only,152,0.5176720448291654,0.7015027932535066,0.18383074842434122
conventional_only,153,0.5287995181356379,0.7004085218853999,0.17160900374976207
conventional_only,154,0.5195166447931385,0.7088790416252911,0.1893623968321526
conventional_only,155,0.5339668362881387,0.7132479618636488,0.17928112557551013
conventional_only,156,0.5290723215048919,0.7035956303705939,0.174523308865702
conventional_only,157,0.5448865892461342,0.7130479063989861,0.16816131715285187
conventional_only,158,0.5350300896525573,0.7178437034454352,0.18281361379287797
conventional_only,159,0.5526356262060254,0.7111848097602937,0.1585491835542684
conventional_only,160,0.5299204990561435,0.7078407347568431,0.1779202357006996
conventional_only,161,0.5163278256444741,0.7139832042523456,0.19765537860787152
conventional_only,162,0.5318899208571195,0.7178960204807427,0.18600609962362324
conventional_only,163,0.5142126914127425,0.7082291676574611,0.19401647624471863
conventional_only,164,0.5223349480221107,0.7059765279907424,0.18364157996863173
conventional_only,165,0.518823637348863,0.7086859193173011,0.18986228196843802
conventional_only,166,0.539339244324921,0.7022294245855781,0.16289018026065716
conventional_only,167,0.527991968470396,0.7072098153798446,0.17921784690944864
conventional_only,168,0.5225394643857177,0.7152738415663511,0.19273437718063335
conventional_only,169,0.5327216766255818,0.7099185654492663,0.17719688882368456
conventional_only,170,0.5374352981027283,0.7009543137080942,0.16351901560536597
conventional_only,171,0.5313383838173379,0.7112810213452813,0.17994263752794337
conventional_only,172,0.5303570019946268,0.7029347998039118,0.17257779780928506
conventional_only,173,0.5134586963536748,0.7090463745892351,0.19558767823556034
conventional_only,174,0.5298068101740631,0.6989250081972382,0.16911819802317518
conventional_only,175,0.5460634288494095,0.7075816662984613,0.1615182374490518
conventional_only,176,0.56121214013611,0.7090042216929164,0.14779208155680645
conventional_only,177,0.55535265255454,0.7077523710653333,0.15239971851079326
conventional_only,178,0.5551430048998561,0.7068163777071879,0.15167337280733173
conventional_only,179,0.5446114600425338,0.7158024090958783,0.17119094905334453
conventional_only,180,0.5527778410513278,0.702550714027284,0.1497728729759562
conventional_only,181,0.5480851889789278,0.7087018337483574,0.1606166447694296
conventional_only,182,0.5212845027766961,0.7072638117448702,0.18597930896817405
conventional_only,183,0.5529053504435169,0.7182622168570844,0.1653568664135675
conventional_only,184,0.5547380446359246,0.7141465137307046,0.15940846909478001
conventional_only,185,0.5179686634710582,0.702514338770166,0.18454567529910781
conventional_only,186,0.5475818572249653,0.7019075925611932,0.15432573533622784
conventional_only,187,0.5234246027937373,0.7093056362796241,0.1858810334858868
conventional_only,188,0.5294318170965686,0.7137438080471191,0.1843119909505505
conventional_only,189,0.5083594943759787,0.7071804500498954,0.19882095567391667
conventional_only,190,0.5203999261800694,0.7164653232961851,0.1960653971161157
conventional_only,191,0.5332682239440981,0.7088252078406899,0.1755569838965918
conventional_only,192,0.5315889328707872,0.7076878341197703,0.1760989012489831
conventional_only,193,0.5281984368102978,0.7071341736133947,0.17893573680309693
conventional_only,194,0.5216623056070436,0.7155638100282388,0.19390150442119514
conventional_only,195,0.5202220205433427,0.7093524353048489,0.18913041476150627
conventional_only,196,0.5493281317355845,0.7079611693689164,0.15863303763333192
conventional_only,197,0.5261730531662606,0.7053312837898708,0.17915823062361014
conventional_only,198,0.5429194122441555,0.7137676703546496,0.1708482581104941
conventional_only,199,0.5282847960487884,0.7159467689921396,0.18766197294335119
conventional_only,200,0.5324597489394314,0.7110096897090571,0.17854994076962571
conventional_only,201,0.5190061262615127,0.6995492669119597,0.18054314065044708
conventional_only,202,0.5135604176932602,0.7105021178033523,0.19694170011009204
conventional_only,203,0.5349060374113813,0.7022499801384501,0.16734394272706876
conventional_only,204,0.5360025353517232,0.7085011555288387,0.1724986201771156
conventional_only,205,0.5502496762327365,0.7192231478535963,0.16897347162085985
conventional_only,206,0.5120042535579234,0.7085817608704426,0.1965775073125191
conventional_only,207,0.5411851104041904,0.715852871969871,0.17466776156568065
conventional_only,208,0.5256218839549159,0.7136643732008034,0.1880424892458875
conventional_only,209,0.5328722778362723,0.6947195628048011,0.16184728496852874
conventional_only,210,0.5292824271390435,0.7150006378043844,0.1857182106653409
conventional_only,211,0.5288928864098078,0.7071728681136541,0.1782799817038463
conventional_only,212,0.5403902303171835,0.7017527435248431,0.1613625132076596
conventional_only,213,0.5421410723997653,0.7100662945194129,0.16792522211964767
conventional_only,214,0.5103299718129438,0.7045178592452256,0.19418788743228177
conventional_only,215,0.525858874732931,0.7156301528384503,0.1897712781055193
conventional_only,216,0.5138987382283086,0.7152369292493743,0.20133819102106576
conventional_only,217,0.5151291877393102,0.7131967613684274,0.1980675736291172
conventional_only,218,0.5061463667599458,0.7088924487428611,0.20274608198291522
conventional_only,219,0.5307897698217153,0.7123489519327849,0.18155918211106958
conventional_only,220,0.5239453135804139,0.7059850105672381,0.1820396969868242
conventional_only,221,0.5161302783158074,0.6977838223835235,0.18165354406771617
conventional_only,222,0.5069068962088306,0.7145038518011626,0.20759695559233204
conventional_only,223,0.513507333821421,0.7141305512552466,0.2006232174338256
conventional_only,224,0.527725257979164,0.7128983099363772,0.18517305195721312
conventional_only,225,0.5242249925135171,0.7101980316835237,0.18597303917000663
conventional_only,226,0.5340354894261156,0.7003065264014461,0.16627103697533052
conventional_only,227,0.5284197429539309,0.7160274129080642,0.18760766995413325
conventional_only,228,0.5178969672067777,0.7096387437447489,0.1917417765379712
conventional_only,229,0.5090167565862628,0.7169664702043733,0.20794971361811054
conventional_only,230,0.5226844185819586,0.7019534271362933,0.1792690085543347
conventional_only,231,0.5518359855184842,0.7020131512831554,0.15017716576467122
conventional_only,232,0.544662434867919,0.7115726978743796,0.1669102630064606
conventional_only,233,0.5383390779934115,0.7094603052322285,0.17112122723881695
conventional_only,234,0.5356940967274039,0.712023203341186,0.1763291066137821
conventional_only,235,0.5544251902119575,0.7063627267414837,0.15193753652952624
conventional_only,236,0.5031965474536093,0.7078259293299819,0.20462938187637258
conventional_only,237,0.5394400900989911,0.7172815482883028,0.17784145818931174
conventional_only,238,0.5444106884561333,0.707923671490576,0.16351298303444273
conventional_only,239,0.5487214681709404,0.7138038727684083,0.16508240459746792
conventional_only,240,0.5038735627167127,0.7185840728880175,0.21471051017130482
conventional_only,241,0.5469822889108047,0.7084824308513444,0.16150014194053974
conventional_only,242,0.5299204747729959,0.7095492563239924,0.17962878155099649
conventional_only,243,0.5337806506202492,0.7110236121412303,0.17724296152098118
conventional_only,244,0.5355046125116766,0.7190624896000029,0.18355787708832627
conventional_only,245,0.5579208273189638,0.6990619830534459,0.14114115573448216
conventional_only,246,0.535236497310838,0.71471241639183,0.17947591908099203
conventional_only,247,0.5409027071511603,0.7135190268654185,0.17261631971425817
conventional_only,248,0.5458867416704709,0.7098041094778296,0.16391736780735866
conventional_only,249,0.5344024047285099,0.7122881559961638,0.17788575126765394
conventional_only,250,0.5367632161945259,0.7109928003005254,0.17422958410599942
conventional_only,251,0.5082362765435613,0.7159459683746926,0.2077096918311313
conventional_only,252,0.5389437879071811,0.705352461903585,0.1664086739964039
conventional_only,253,0.5207860637066247,0.7024654370272194,0.1816793733205947
conventional_only,254,0.5131024413287184,0.7076680554926108,0.1945656141638924
conventional_only,255,0.534456702485875,0.7158864074577763,0.18142970497190136
conventional_only,256,0.5429727828436137,0.7053726050127797,0.16239982216916593
conventional_only,257,0.5246358760682901,0.7164681806450469,0.19183230457675682
conventional_only,258,0.5467955260742895,0.7052429614894633,0.1584474354151738
conventional_only,259,0.5395729870377246,0.7128816800594425,0.17330869302171792
conventional_only,260,0.5397671121262784,0.7108877682611973,0.1711206561349189
conventional_only,261,0.5226190771328253,0.7084402633767785,0.18582118624395316
conventional_only,262,0.5439310587812937,0.7172640414286778,0.17333298264738417
conventional_only,263,0.49782682518849486,0.7085414646435282,0.21071463945503333
conventional_only,264,0.521759150612918,0.7075778550641787,0.1858187044512607
conventional_only,265,0.5177051490822673,0.7052098908665706,0.18750474178430332
conventional_only,266,0.5096430712290871,0.7107636577986621,0.201120586569575
conventional_only,267,0.5179925857494818,0.7129187948593735,0.19492620910989167
conventional_only,268,0.5204616339501895,0.713770848080529,0.19330921413033952
conventional_only,269,0.5380318390292257,0.7048079663284338,0.1667761272992081
conventional_only,270,0.547095733483471,0.7035383692856438,0.15644263580217288
conventional_only,271,0.543640832413226,0.7139127010264313,0.1702718686132053
conventional_only,272,0.5425866515099784,0.7038741760847728,0.16128752457479434
conventional_only,273,0.5341658392800217,0.7152877660743525,0.1811219267943308
conventional_only,274,0.5396361826192,0.7154901756090286,0.17585399298982862
conventional_only,275,0.5367528544238233,0.7033261035533681,0.16657324912954485
conventional_only,276,0.5324401233952176,0.6995616698264712,0.16712154643125354
conventional_only,277,0.5291991794617407,0.7123565733200373,0.18315739385829666
conventional_only,278,0.5285509338155732,0.7105657398462416,0.18201480603066844
conventional_only,279,0.5192491319921588,0.7038363433685965,0.18458721137643763
conventional_only,280,0.5277386493865086,0.7122554818913679,0.18451683250485929
conventional_only,281,0.5197206040430011,0.7116056017473146,0.19188499770431344
conventional_only,282,0.5124351494825541,0.7102003836323442,0.19776523414979008
conventional_only,283,0.5191362937963232,0.7121095913365679,0.19297329754024473
conventional_only,284,0.5181132872364148,0.7006106732208746,0.18249738598445975
conventional_only,285,0.49550346139476376,0.7114875758429536,0.21598411444818988
conventional_only,286,0.5326413007656987,0.7099032201667121,0.17726191940101343
conventional_only,287,0.5249153245046486,0.711071044376228,0.18615571987157942
conventional_only,288,0.5427621951002948,0.7099688595327052,0.1672066644324104
conventional_only,289,0.5384242097277593,0.711665394608551,0.17324118488079177
conventional_only,290,0.5165710858316256,0.7109646997985856,0.19439361396695998
conventional_only,291,0.5476593972412326,0.7176382207271711,0.1699788234859385
conventional_only,292,0.5335043868118841,0.7086063824879928,0.17510199567610873
conventional_only,293,0.5297191373997991,0.7117354571825988,0.18201631978279964
conventional_only,294,0.5238375053383957,0.7164876706306423,0.19265016529224666
conventional_only,295,0.5395491130587474,0.718026362777088,0.17847724971834056
conventional_only,296,0.533308765731845,0.6919563702930347,0.15864760456118965
conventional_only,297,0.5468516899567943,0.7079243140642301,0.16107262410743572
conventional_only,298,0.5145271521745788,0.7140169248446468,0.19948977267006807
conventional_only,299,0.5344808173018762,0.7028515286311271,0.16837071132925086
conventional_only,300,0.5233028220505249,0.7100995206504316,0.18679669859990666
conventional_only,301,0.5324244168169499,0.6995380428820583,0.1671136260651085
conventional_only,302,0.542333185414987,0.7129439086594619,0.1706107232444749
conventional_only,303,0.5214138826918258,0.7022860817959973,0.18087219910417152
conventional_only,304,0.5422784421977301,0.7091704038054406,0.16689196160771047
conventional_only,305,0.540792853702854,0.7111862653336675,0.17039341163081345
conventional_only,306,0.5244841545541495,0.7100998446220109,0.18561569006786138
conventional_only,307,0.554457430148549,0.719295599695768,0.16483816954721897
conventional_only,308,0.5445964744801102,0.7093991482280656,0.16480267374795543
conventional_only,309,0.5552659420201389,0.7082675484002815,0.1530016063801426
conventional_only,310,0.5260191738867532,0.7083744109952775,0.1823552371085243
conventional_only,311,0.5303705984004906,0.7062861237685829,0.1759155253680923
conventional_only,312,0.5082672606399601,0.704581555048909,0.19631429440894888
conventional_only,313,0.5435703501923871,0.7092411234342608,0.16567077324187374
conventional_only,314,0.526161319121579,0.7090365125131914,0.1828751933916124
conventional_only,315,0.5318502146100084,0.7067255590469608,0.1748753444369524
conventional_only,316,0.5346630784948742,0.7099274848449164,0.17526440635004226
conventional_only,317,0.5366315072229291,0.7142942305140448,0.17766272329111577
conventional_only,318,0.528751051811968,0.7082291231373119,0.17947807132534388
conventional_only,319,0.5311845517852105,0.7130423664401685,0.18185781465495798
conventional_only,320,0.5311309636893379,0.6993718510090992,0.16824088731976128
conventional_only,321,0.5194057796202568,0.7159324170796266,0.19652663745936982
conventional_only,322,0.5350009426844756,0.7108729853027369,0.17587204261826128
conventional_only,323,0.5407573870108955,0.7059802745458559,0.1652228875349604
conventional_only,324,0.5180033378221717,0.701575233021705,0.18357189519953332
conventional_only,325,0.5295205426832091,0.7065252513506862,0.17700470866747708
conventional_only,326,0.5494833196431727,0.711101695423529,0.16161837578035632
conventional_only,327,0.5248369182731802,0.7053007148698276,0.18046379659664735
conventional_only,328,0.5335100981530311,0.710489208684915,0.17697911053188398
conventional_only,329,0.5478183300197133,0.7063675763734878,0.15854924635377454
conventional_only,330,0.5306836626413771,0.7103987542624586,0.17971509162108146
conventional_only,331,0.5483076764953652,0.7153167805533512,0.16700910405798608
conventional_only,332,0.5525401627824523,0.7203353993110252,0.16779523652857287
conventional_only,333,0.5365702289759157,0.7132914683432181,0.17672123936730244
conventional_only,334,0.5451005142336731,0.7105806013565275,0.16548008712285434
conventional_only,335,0.5181738635230296,0.7122206038727821,0.19404674034975244
conventional_only,336,0.5204557677584805,0.7069041462918336,0.18644837853335317
conventional_only,337,0.5317462008982837,0.7096822959852814,0.1779360950869977
conventional_only,338,0.5391072209017806,0.7146471269210241,0.1755399060192434
conventional_only,339,0.5426228887372885,0.7135608428700527,0.17093795413276425
conventional_only,340,0.5151776028695739,0.7111279951112649,0.19595039224169097
conventional_only,341,0.5315515645005232,0.7079472543481912,0.17639568984766796
conventional_only,342,0.5322699454565069,0.7110283454827315,0.17875840002622467
conventional_only,343,0.5267981921042489,0.7052297694858616,0.17843157738161264
conventional_only,344,0.5369000367526939,0.7044910902256926,0.16759105347299863
conventional_only,345,0.5234417383522766,0.7178505620036358,0.19440882365135925
conventional_only,346,0.5344176074616824,0.712638943568016,0.17822133610633362
conventional_only,347,0.5555375535999165,0.7106208448030653,0.1550832912031488
conventional_only,348,0.5251494632382162,0.709819626634926,0.18467016339670983
conventional_only,349,0.5250755339856382,0.7079242426872331,0.18284870870159486
conventional_only,350,0.5332888130146218,0.7207483809648783,0.18745956795025642
conventional_only,351,0.5322284848043948,0.7180302041368786,0.1858017193324838
conventional_only,352,0.5333687834564796,0.7094692033206667,0.176100419864187
conventional_only,353,0.5427364921066336,0.7180975047481868,0.17536101264155324
conventional_only,354,0.5406675711524761,0.7127004804389251,0.172032909286449
conventional_only,355,0.5181060565982695,0.7105676790649585,0.19246162246668908
conventional_only,356,0.5504868056136228,0.710856574870978,0.16036976925735513
conventional_only,357,0.5069759566779826,0.7036296075591514,0.19665365088116882
conventional_only,358,0.5264394935761706,0.7153472663439214,0.18890777276775084
conventional_only,359,0.530469118804188,0.7048948116706246,0.1744256928664366
conventional_only,360,0.5168583644406608,0.7040361699512739,0.18717780551061314
conventional_only,361,0.5408795942887948,0.7074727617874618,0.16659316749866693
conventional_only,362,0.5203825531012047,0.7138719190300907,0.193489365928886
conventional_only,363,0.575423012500518,0.7055005300501141,0.13007751754959618
conventional_only,364,0.5210427860623312,0.706109270586447,0.18506648452411578
conventional_only,365,0.5145023121653847,0.7132785221058379,0.1987762099404532
conventional_only,366,0.5445297713058928,0.7033482570511133,0.1588184857452205
conventional_only,367,0.5469026325946473,0.7156854436599561,0.1687828110653088
conventional_only,368,0.5338078312124984,0.7049605186615499,0.17115268744905143
conventional_only,369,0.5400064977367973,0.7065771018638556,0.16657060412705826
conventional_only,370,0.5350406489190848,0.7128920353190791,0.17785138639999432
conventional_only,371,0.5421108835844922,0.7070250052970013,0.16491412171250908
conventional_only,372,0.5072090084061143,0.7082644528016997,0.20105544439558543
conventional_only,373,0.5450709973103975,0.7097247753407921,0.1646537780303946
conventional_only,374,0.5275339200505018,0.7104608011618238,0.18292688111132194
conventional_only,375,0.530631695766161,0.7101815881506497,0.1795498923844887
conventional_only,376,0.516899636174326,0.7137186101790538,0.1968189740047278
conventional_only,377,0.5285824991720837,0.7097702224451857,0.18118772327310206
conventional_only,378,0.5379676558787665,0.7109150712959599,0.17294741541719338
conventional_only,379,0.5129669619216471,0.7014688569257445,0.1885018950040973
conventional_only,380,0.5248324618125707,0.7077920711352976,0.18295960932272692
conventional_only,381,0.5290910988775752,0.711652391539475,0.1825612926618998
conventional_only,382,0.5176434841345522,0.7128247021172185,0.1951812179826663
conventional_only,383,0.5570520713826894,0.7067345242231702,0.14968245284048076
conventional_only,384,0.5356264568236526,0.702461769833714,0.16683531301006138
conventional_only,385,0.5339136737925885,0.7014529970546366,0.16753932326204812
conventional_only,386,0.5421258502270178,0.7086564957623865,0.16653064553536878
conventional_only,387,0.5239656253144336,0.7129460026777733,0.18898037736333972
conventional_only,388,0.539081268253714,0.7097753188741408,0.17069405062042675
conventional_only,389,0.5415061687645645,0.7165594970059483,0.17505332824138387
conventional_only,390,0.5220626837315833,0.7182326195691416,0.19616993583755837
conventional_only,391,0.5317277902534744,0.7048855006523413,0.17315771039886696
conventional_only,392,0.5574705326371123,0.7051127488216337,0.14764221618452134
conventional_only,393,0.5294843874739911,0.7049001586901494,0.17541577121615837
conventional_only,394,0.5317156945950711,0.7049009107380072,0.17318521614293614
conventional_only,395,0.5320034739520075,0.7024035063434335,0.17040003239142598
conventional_only,396,0.540466134382607,0.703543700231724,0.16307756584911692
conventional_only,397,0.5405048786435297,0.7022658547529406,0.16176097610941087
conventional_only,398,0.5287478973560167,0.7123516944390657,0.18360379708304897
conventional_only,399,0.5451805806664467,0.7076971513270475,0.16251657066060077
conventional_only,400,0.5345247845557412,0.7079342081840861,0.173409423628345
conventional_only,401,0.5123947260943613,0.7062824879330042,0.19388776183864287
conventional_only,402,0.531313132168646,0.7159894736700917,0.18467634150144574
conventional_only,403,0.5535734220412931,0.7018696462067694,0.14829622416547628
conventional_only,404,0.5238052630425909,0.7044018218088454,0.18059655876625447
conventional_only,405,0.510517599535009,0.7219253002988888,0.21140770076387982
conventional_only,406,0.5417295515178628,0.7062676379637529,0.16453808644589007
conventional_only,407,0.5436555559046439,0.713541184958971,0.16988562905432714
conventional_only,408,0.5131850459252195,0.7014510936189686,0.1882660476937491
conventional_only,409,0.5250847114386483,0.7058349526220484,0.1807502411834001
conventional_only,410,0.5303731069936272,0.7177070310767886,0.1873339240831614
conventional_only,411,0.5303321011219737,0.7141584604121494,0.18382635929017566
conventional_only,412,0.5263191677329261,0.7065090027531573,0.18018983502023123
conventional_only,413,0.5416714612052649,0.7209588476064049,0.17928738640114006
conventional_only,414,0.5348753034221227,0.7033608861571163,0.1684855827349936
conventional_only,415,0.5330200207907692,0.7035577693807941,0.1705377485900249
conventional_only,416,0.541975311546244,0.7097178249305581,0.16774251338431412
conventional_only,417,0.5562623538879874,0.7190136370103302,0.16275128312234277
conventional_only,418,0.5430594517285883,0.7028405097809233,0.159781058052335
conventional_only,419,0.5311012175806751,0.7169468652220062,0.18584564764133116
conventional_only,420,0.5532407952673485,0.7081415235288239,0.15490072826147538
conventional_only,421,0.547324109784455,0.7116566328875282,0.16433252310307322
conventional_only,422,0.5245528558325768,0.7056265128101776,0.1810736569776008
conventional_only,423,0.5403673223946197,0.7147608191104313,0.1743934967158116
conventional_only,424,0.5269553851286954,0.714080420748391,0.1871250356196955
conventional_only,425,0.5521273971570158,0.7081341230775553,0.15600672592053955
conventional_only,426,0.5357980477264634,0.7144597836103951,0.17866173588393164
conventional_only,427,0.5068090718617198,0.7045393028175304,0.19773023095581066
conventional_only,428,0.5355055142623051,0.7132543718709904,0.1777488576086853
conventional_only,429,0.5267596099281396,0.708776987946925,0.18201737801878537
conventional_only,430,0.5374459992438448,0.7089123509066613,0.17146635166281643
conventional_only,431,0.5246571684850638,0.7135346923351685,0.1888775238501047
conventional_only,432,0.5409381636527816,0.7034887640818147,0.16255060042903313
conventional_only,433,0.5593770371064039,0.7103820872639339,0.15100505015753007
conventional_only,434,0.5296382741040291,0.7032982023008784,0.17365992819684928
conventional_only,435,0.5275793752731994,0.7126472923094264,0.18506791703622694
conventional_only,436,0.5379048804850963,0.710030149953412,0.17212526946831563
conventional_only,437,0.5342124502902696,0.6979387589196475,0.16372630862937787
conventional_only,438,0.5557404182936236,0.7046157935139824,0.14887537522035876
conventional_only,439,0.539202940757714,0.7073983299860996,0.16819538922838562
conventional_only,440,0.5229868385740012,0.7088792584114647,0.18589241983746352
conventional_only,441,0.5294050252505658,0.7075889768667344,0.17818395161616862
conventional_only,442,0.5481118394764735,0.6901554645861335,0.14204362510966007
conventional_only,443,0.5249408035236619,0.7085995523130668,0.1836587487894049
conventional_only,444,0.5226558345581704,0.7074082817324476,0.1847524471742772
conventional_only,445,0.5228716030338206,0.7131618712354549,0.1902902682016343
conventional_only,446,0.531278979727287,0.7016945946806799,0.17041561495339286
conventional_only,447,0.5149553317012897,0.7027156308293736,0.1877602991280839
conventional_only,448,0.5489023386766924,0.7134590084730063,0.1645566697963139
conventional_only,449,0.5322819601743822,0.6954296613826193,0.16314770120823707
conventional_only,450,0.5319712296771819,0.7092436609977874,0.17727243132060544
conventional_only,451,0.5142949880160532,0.7070618372096419,0.19276684919358866
conventional_only,452,0.5253150131350897,0.6962521390114464,0.1709371258763568
conventional_only,453,0.5354669442901323,0.7049825965116538,0.16951565222152154
conventional_only,454,0.5259852076565321,0.7069909533877189,0.18100574573118677
conventional_only,455,0.5546965902560461,0.7148599948225159,0.16016340456646982
conventional_only,456,0.5576480045674367,0.7071422897785142,0.14949428521107755
conventional_only,457,0.5459377490273658,0.7082971668658149,0.1623594178384491
conventional_only,458,0.5374333433681185,0.7128185393796119,0.17538519601149338
conventional_only,459,0.5111188126476823,0.7070924162539136,0.19597360360623128
conventional_only,460,0.5399661933640584,0.7124772661348862,0.17251107277082778
conventional_only,461,0.5119703441632948,0.7074983749626353,0.19552803079934056
conventional_only,462,0.5624201384323964,0.711803908052931,0.14938376962053468
conventional_only,463,0.5735327092229837,0.7084093257872198,0.1348766165642361
conventional_only,464,0.5321530193639876,0.708417511038536,0.17626449167454838
conventional_only,465,0.5187558954227329,0.7076873124382064,0.18893141701547345
conventional_only,466,0.5182315231144897,0.7079894606662838,0.18975793755179404
conventional_only,467,0.5213978953066499,0.7097553851952596,0.18835748988860967
conventional_only,468,0.5368653689485969,0.703223435744304,0.16635806679570708
conventional_only,469,0.514942575501277,0.7091412587858881,0.1941986832846111
conventional_only,470,0.5474556077969422,0.7105802546426706,0.16312464684572836
conventional_only,471,0.5398498518183109,0.7105077751262233,0.1706579233079124
conventional_only,472,0.5140197506125115,0.714195220068244,0.2001754694557325
conventional_only,473,0.5563698303235977,0.7060569994813022,0.14968716915770452
conventional_only,474,0.5364530142952361,0.7081171022670013,0.17166408797176524
conventional_only,475,0.5358538735531813,0.7212112033191177,0.18535732976593644
conventional_only,476,0.5419420724864865,0.7178900320377793,0.17594795955129283
conventional_only,477,0.5315991550568827,0.701602794458151,0.17000363940126828
conventional_only,478,0.5351773260889134,0.7119139611822137,0.1767366350933003
conventional_only,479,0.551633292059152,0.7060158944865278,0.15438260242737578
conventional_only,480,0.5363542114348279,0.7089885756163186,0.1726343641814907
conventional_only,481,0.5288809325007163,0.7078108485887871,0.17892991608807074
conventional_only,482,0.5343008603375644,0.7002242534295472,0.16592339309198278
conventional_only,483,0.5293413750077225,0.7140670079244338,0.1847256329167113
conventional_only,484,0.5406660794241352,0.7071199233750595,0.16645384395092422
conventional_only,485,0.546837522405273,0.7168377163816518,0.1700001939763789
conventional_only,486,0.5515701911860158,0.7129403915069686,0.16137020032095284
conventional_only,487,0.5327789161887273,0.7005284755775408,0.16774955938881353
conventional_only,488,0.5342182247865983,0.7160545437619922,0.18183631897539387
conventional_only,489,0.5098634046613434,0.7076962960205697,0.19783289135922633
conventional_only,490,0.5334390863590528,0.7076943369768179,0.17425525061776515
conventional_only,491,0.5367304572885866,0.7089413082038737,0.1722108509152871
conventional_only,492,0.5358438425060125,0.702228553412099,0.16638471090608653
conventional_only,493,0.5423147775518447,0.7032262655932324,0.16091148804138777
conventional_only,494,0.5276297814942909,0.717277667575593,0.18964788608130212
conventional_only,495,0.519787900874406,0.7000629147826084,0.18027501390820244
conventional_only,496,0.5425484368679708,0.7059330010318036,0.16338456416383274
conventional_only,497,0.5395511249665146,0.7101593624104107,0.17060823744389608
conventional_only,498,0.5330236713356635,0.7089486477368732,0.17592497640120963
conventional_only,499,0.5203949500470484,0.7108092314511503,0.19041428140410188
conventional_only,500,0.5351309220901407,0.7117942332257441,0.1766633111356034
conventional_only,501,0.5426134646484948,0.7123359857842236,0.16972252113572883
conventional_only,502,0.527996076220412,0.7148450358352394,0.1868489596148274
conventional_only,503,0.5461139734461392,0.6999014885383307,0.15378751509219146
conventional_only,504,0.5296077583040406,0.7049328252581533,0.17532506695411265
conventional_only,505,0.5223996889827549,0.7099777278517787,0.1875780388690238
conventional_only,506,0.5238704878329429,0.7134613253261043,0.1895908374931614
conventional_only,507,0.5248488661558293,0.7059740101054536,0.1811251439496243
conventional_only,508,0.5266608841016532,0.7143183267110635,0.1876574426094103
conventional_only,509,0.5410164435921974,0.704080957036661,0.1630645134444636
conventional_only,510,0.533570495016751,0.7174630426058789,0.18389254758912787
conventional_only,511,0.552821558197111,0.7124981435392859,0.15967658534217488
conventional_only,512,0.5186084941300294,0.71250332249973,0.19389482836970062
conventional_only,513,0.5260215350087184,0.7081738368247278,0.1821523018160094
conventional_only,514,0.5238203199171476,0.7075437768339998,0.1837234569168522
conventional_only,515,0.5360541263638563,0.717956223777624,0.18190209741376773
conventional_only,516,0.5218182525567073,0.7128314594540771,0.19101320689736978
conventional_only,517,0.5575654120736083,0.7091835568758147,0.15161814480220637
conventional_only,518,0.5333882887292222,0.7111244628568443,0.1777361741276221
conventional_only,519,0.5474120205731287,0.7122584855758316,0.16484646500270295
conventional_only,520,0.5147497193614086,0.703688420290796,0.18893870092938747
conventional_only,521,0.5335063969582181,0.707925070667717,0.17441867370949893
conventional_only,522,0.5279380991023714,0.7001889855948178,0.17225088649244635
conventional_only,523,0.5376802285556788,0.7042098804008802,0.1665296518452014
conventional_only,524,0.5193391136499095,0.7061917595368334,0.18685264588692396
conventional_only,525,0.5193560331071754,0.7088825219768458,0.18952648886967038
conventional_only,526,0.5345380128188455,0.7112627495930613,0.17672473677421585
conventional_only,527,0.545418404272066,0.7151565729846571,0.16973816871259106
conventional_only,528,0.5437848982209318,0.7180773253482661,0.17429242712733428
conventional_only,529,0.5406374605915909,0.709755262975438,0.1691178023838471
conventional_only,530,0.536812126800273,0.7052259926347687,0.1684138658344957
conventional_only,531,0.5103594556761544,0.7070887657227016,0.19672931004654726
conventional_only,532,0.5500564753515036,0.7222765398078358,0.1722200644563322
conventional_only,533,0.5301448629999568,0.695695828760925,0.16555096576096817
conventional_only,534,0.5392677671822477,0.7132032251892735,0.1739354580070258
conventional_only,535,0.5394189687978047,0.7160989900780452,0.17668002128024052
conventional_only,536,0.5375738075341618,0.7099420717551415,0.17236826422097962
conventional_only,537,0.5491494032026383,0.7134763740022427,0.16432697079960445
conventional_only,538,0.5317519059709064,0.7048725603847033,0.17312065441379687
conventional_only,539,0.5284738112926965,0.7022036071476287,0.1737297958549322
conventional_only,540,0.5493957416251215,0.7094275646989895,0.16003182307386798
conventional_only,541,0.5281481146017489,0.7042356766306008,0.1760875620288519
conventional_only,542,0.5233333866772085,0.7125019304763068,0.1891685437990983
conventional_only,543,0.5261602928017162,0.7119264413722034,0.18576614857048723
conventional_only,544,0.5304903574483566,0.7046335953576447,0.1741432379092881
conventional_only,545,0.5307761322091267,0.7033488874096716,0.17257275520054494
conventional_only,546,0.546071753096225,0.7086928906806359,0.16262113758441088
conventional_only,547,0.527389376855886,0.7135183485829105,0.18612897172702447
conventional_only,548,0.5441358500867749,0.7062339392225774,0.16209808913580248
conventional_only,549,0.5108916237547273,0.704702535116885,0.19381091136215767
conventional_only,550,0.5429005080855145,0.7136220459066255,0.170721537821111
conventional_only,551,0.5513176197798003,0.7074483713062282,0.15613075152642786
conventional_only,552,0.5465293264688964,0.7075001938435209,0.16097086737462452
conventional_only,553,0.533469626091524,0.7110931449621195,0.17762351887059546
conventional_only,554,0.5307860231564829,0.7135091177167591,0.18272309456027613
conventional_only,555,0.5303837855455101,0.7078803018864662,0.1774965163409561
conventional_only,556,0.5163299257686907,0.7119618216064236,0.19563189583773288
conventional_only,557,0.5550633297424944,0.709738280646194,0.15467495090369965
conventional_only,558,0.5117895183035477,0.7051321276413092,0.19334260933776148
conventional_only,559,0.5084767749705914,0.707497943103559,0.19902116813296755
conventional_only,560,0.544232740224383,0.721727054650888,0.1774943144265051
conventional_only,561,0.5322143802071118,0.7176429838609945,0.1854286036538827
conventional_only,562,0.5225679339902805,0.7115570767106953,0.1889891427204149
conventional_only,563,0.5172450979195787,0.71821803418412,0.20097293626454127
conventional_only,564,0.545866045685245,0.7154264327097811,0.16956038702453613
conventional_only,565,0.5449693649492553,0.7111638496064241,0.1661944846571688
conventional_only,566,0.5187634090736484,0.7071673183345212,0.1884039092608728
conventional_only,567,0.5062397388385479,0.7076694024674491,0.20142966362890125
conventional_only,568,0.5300987503184398,0.7093210488484731,0.17922229853003335
conventional_only,569,0.5425109539867046,0.7110596155867236,0.16854866160001902
conventional_only,570,0.5167527109108121,0.7134458185657281,0.196693107654916
conventional_only,571,0.522357547948023,0.7069759915013236,0.1846184435533006
conventional_only,572,0.5264556260226645,0.7113134305367372,0.18485780451407274
conventional_only,573,0.5392779591995848,0.7170158334496572,0.17773787425007248
conventional_only,574,0.5182733882010363,0.716647586297292,0.19837419809625567
conventional_only,575,0.5431828345459645,0.7092857715957699,0.1661029370498054
conventional_only,576,0.5387980831578995,0.7090189530470574,0.17022086988915797
conventional_only,577,0.5471225562490745,0.7144960658112458,0.16737350956217134
conventional_only,578,0.5322186667496742,0.7109452928555146,0.17872662610584034
conventional_only,579,0.5285982368287239,0.7006813340620858,0.1720830972333619
conventional_only,580,0.5123403406818576,0.6979596195186845,0.18561927883682683
conventional_only,581,0.5400312951223,0.7138224609909902,0.17379116586869026
conventional_only,582,0.5312510632442561,0.7099628740580622,0.17871181081380616
conventional_only,583,0.5160387320666275,0.7171941826215029,0.20115545055487538
conventional_only,584,0.5326124109683884,0.7148642429354347,0.1822518319670463
conventional_only,585,0.5434864160259869,0.6987929048989691,0.15530648887298215
conventional_only,586,0.5259198880389794,0.7069572862688851,0.18103739822990572
conventional_only,587,0.5197131689961794,0.7091348351716275,0.1894216661754481
conventional_only,588,0.5527531739416046,0.7097217095412164,0.15696853559961177
conventional_only,589,0.5454169271663181,0.6956130546001035,0.1501961274337854
conventional_only,590,0.5309275333799759,0.7078223364116356,0.17689480303165972
conventional_only,591,0.5401153366001543,0.7121721815514982,0.17205684495134388
conventional_only,592,0.531501893354765,0.7126415325327038,0.18113963917793874
conventional_only,593,0.5309728666188879,0.7035859945452115,0.17261312792632366
conventional_only,594,0.5187528150167625,0.7208593233539945,0.20210650833723198
conventional_only,595,0.5265625655115975,0.718558404342005,0.1919958388304075
conventional_only,596,0.5303244156938718,0.7042255608050432,0.17390114511117138
conventional_only,597,0.535875298667846,0.7105162934512059,0.17464099478335993
conventional_only,598,0.529024551896979,0.7143616512310622,0.18533709933408327
conventional_only,599,0.5384689299035847,0.7022080954668852,0.16373916556330048
conventional_only,600,0.511680471540649,0.7183419582192856,0.2066614866786366
conventional_only,601,0.5295371186543839,0.7159932344960555,0.18645611584167154
conventional_only,602,0.5316254979068137,0.7144938780327004,0.1828683801258867
conventional_only,603,0.5197513355551985,0.7089445237565659,0.18919318820136743
conventional_only,604,0.5261395710091544,0.7101645105582078,0.1840249395490534
conventional_only,605,0.5386072473902361,0.7091118943575827,0.17050464696734657
conventional_only,606,0.5220933579374405,0.7201454726055603,0.19805211466811978
conventional_only,607,0.5338077520532919,0.7167560762674408,0.18294832421414886
conventional_only,608,0.5495815385048977,0.7146631085202888,0.16508157001539114
conventional_only,609,0.5183719237633148,0.7054542504309803,0.18708232666766555
conventional_only,610,0.504910906752098,0.7138214638664,0.20891055711430195
conventional_only,611,0.5341068112164082,0.705124309141435,0.17101749792502674
conventional_only,612,0.5283062513491968,0.7198089362325455,0.19150268488334865
conventional_only,613,0.5230983518950694,0.7181633260207747,0.19506497412570534
conventional_only,614,0.5250484768204963,0.7108378906830884,0.18578941386259218
conventional_only,615,0.5488727013390428,0.7151238942696474,0.16625119293060464
conventional_only,616,0.5361280470839102,0.7137105508995046,0.17758250381559448
conventional_only,617,0.5437258590761952,0.7073560441640029,0.1636301850878077
conventional_only,618,0.5473650851693249,0.7103889981391815,0.16302391296985663
conventional_only,619,0.5323540783960715,0.7097010751213352,0.17734699672526366
conventional_only,620,0.5204170021597759,0.7031987473084426,0.18278174514866663
conventional_only,621,0.5383523709998548,0.6972913981584137,0.1589390271585589
conventional_only,622,0.5571658380205253,0.7089954616008756,0.15182962358035024
conventional_only,623,0.5207175550258989,0.7100507318746865,0.1893331768487876
conventional_only,624,0.5534055447363341,0.706798814128891,0.15339326939255693
conventional_only,625,0.5481045291454749,0.7086750855830578,0.1605705564375829
conventional_only,626,0.5366436696602738,0.7053872307121205,0.16874356105184674
conventional_only,627,0.5245718200720259,0.705620274618849,0.18104845454682317
conventional_only,628,0.5318108988317647,0.707571505741854,0.17576060691008932
conventional_only,629,0.5338993372153867,0.7094252129841537,0.175525875768767
conventional_only,630,0.5009646245869623,0.7012237629234345,0.20025913833647213
conventional_only,631,0.5527685241414881,0.7066755800859631,0.15390705594447496
conventional_only,632,0.5377225135207986,0.7110066889838731,0.1732841754630745
conventional_only,633,0.5186100996742996,0.7118493812260683,0.19323928155176873
conventional_only,634,0.5462214250203652,0.7130307699707736,0.16680934495040844
conventional_only,635,0.5502829107383661,0.7139609032491923,0.16367799251082615
conventional_only,636,0.5246346476691833,0.7034833223751861,0.17884867470600274
conventional_only,637,0.564755358530363,0.7089390825947585,0.1441837240643955
conventional_only,638,0.5248005744955739,0.7085257491945492,0.1837251746989753
conventional_only,639,0.5131186627908737,0.7099173685913903,0.19679870580051662
conventional_only,640,0.5239058505209151,0.7128620252592168,0.18895617473830173
conventional_only,641,0.5362627539497427,0.7167346525278706,0.18047189857812795
conventional_only,642,0.5531924112729908,0.7109665331715633,0.15777412189857254
conventional_only,643,0.5694783702090349,0.7054382973333354,0.1359599271243005
conventional_only,644,0.530237267901706,0.7011477568503599,0.1709104889486539
conventional_only,645,0.5154797250026278,0.708259763727628,0.19278003872500016
conventional_only,646,0.5394344180592726,0.7131974767267878,0.17376305866751518
conventional_only,647,0.5269754454184051,0.7075231972268373,0.1805477518084322
conventional_only,648,0.5264631623893152,0.7044595390527001,0.17799637666338486
conventional_only,649,0.5465779320297566,0.7221724487787561,0.1755945167489995
conventional_only,650,0.5170130764072096,0.7173099594108826,0.200296883003673
conventional_only,651,0.5446494737064863,0.7000926488350306,0.15544317512854433
conventional_only,652,0.5453540069643608,0.710641639247124,0.16528763228276322
conventional_only,653,0.5468145565917393,0.7144728287719505,0.16765827218021123
conventional_only,654,0.5386070044685168,0.7082765337925372,0.16966952932402035
conventional_only,655,0.5275156472927206,0.7111381085400411,0.1836224612473205
conventional_only,656,0.5123163550380511,0.7074372398919385,0.19512088485388746
conventional_only,657,0.5301749375955507,0.7125041637472965,0.18232922615174585
conventional_only,658,0.5449005009324381,0.7152316487285176,0.1703311477960795
conventional_only,659,0.528585483058856,0.7169594621535358,0.1883739790946798
conventional_only,660,0.5214029895406014,0.7066398536598708,0.18523686411926943
conventional_only,661,0.5720080096212661,0.7125671140202573,0.14055910439899122
conventional_only,662,0.5569224419771687,0.7148957545112576,0.15797331253408897
conventional_only,663,0.5381281521836498,0.7030222358706631,0.1648940836870133
conventional_only,664,0.5272997585377454,0.7078875503406328,0.18058779180288742
conventional_only,665,0.5591282509664643,0.7148301702123759,0.1557019192459116
conventional_only,666,0.5460995951087201,0.7108139529003552,0.16471435779163512
conventional_only,667,0.5301116142824165,0.7010175989242394,0.17090598464182294
conventional_only,668,0.5376133145844063,0.7033161806945097,0.16570286611010343
conventional_only,669,0.5422810790729592,0.7028860095740777,0.16060493050111846
conventional_only,670,0.5392576739560745,0.7059350277886028,0.16667735383252835
conventional_only,671,0.5139418075537928,0.7063080650680147,0.19236625751422187
conventional_only,672,0.5067766163625232,0.720476842083106,0.21370022572058278
conventional_only,673,0.5132794828565189,0.7051436200888073,0.19186413723228835
conventional_only,674,0.5346793516089511,0.7046607944895107,0.1699814428805596
conventional_only,675,0.5557090672922913,0.7099329646199412,0.15422389732764985
conventional_only,676,0.515842957339414,0.7112081874913053,0.19536523015189133
conventional_only,677,0.532354057812766,0.710003333218231,0.17764927540546493
conventional_only,678,0.5240707468371164,0.707238912240982,0.1831681654038656
conventional_only,679,0.5302765785239935,0.7103731205134832,0.18009654198948977
conventional_only,680,0.5156715577476563,0.7129212463784131,0.19724968863075687
conventional_only,681,0.5512851408330891,0.7185157740204504,0.1672306331873613
conventional_only,682,0.5252706240637679,0.7052837363219527,0.18001311225818484
conventional_only,683,0.5349017663016247,0.7078485240625981,0.17294675776097346
conventional_only,684,0.5500162496408908,0.7069267365119613,0.15691048687107045
conventional_only,685,0.5110664204903385,0.7102720360747983,0.19920561558445982
conventional_only,686,0.5376841759910406,0.7149524573153174,0.17726828132427686
conventional_only,687,0.5335187814791761,0.7028517491953584,0.16933296771618234
conventional_only,688,0.5203634123741809,0.7086375592437544,0.18827414686957344
conventional_only,689,0.5330832942425968,0.7072528015717606,0.1741695073291638
conventional_only,690,0.5443531648599833,0.7100205551761218,0.16566739031613853
conventional_only,691,0.5155123561163181,0.7152330242983954,0.19972066818207734
conventional_only,692,0.5306526064289174,0.7047222573567387,0.17406965092782123
conventional_only,693,0.5396116755217261,0.7095096917465405,0.16989801622481449
conventional_only,694,0.5175096220437703,0.7001348389642116,0.1826252169204413
conventional_only,695,0.5115277402817129,0.7140464136976303,0.20251867341591745
conventional_only,696,0.5189303657111803,0.7092892595807302,0.19035889386954985
conventional_only,697,0.530404508260857,0.7107621609799147,0.18035765271905768
conventional_only,698,0.5323156859364695,0.7105635208780431,0.1782478349415736
conventional_only,699,0.5413096318084628,0.714795773126601,0.17348614131813822
conventional_only,700,0.5417298254160678,0.7022885406025408,0.1605587151864729
conventional_only,701,0.545315564006107,0.7113986103130402,0.16608304630693316
conventional_only,702,0.5153987565314636,0.7142425996347246,0.19884384310326098
conventional_only,703,0.5243233236721501,0.6944687686341624,0.17014544496201234
conventional_only,704,0.5421063848719841,0.7141329308058971,0.17202654593391298
conventional_only,705,0.5224197181882081,0.7034371931650516,0.1810174749768435
conventional_only,706,0.5673453699243134,0.706990012706079,0.13964464278176558
conventional_only,707,0.5339166438308043,0.7148178338353267,0.18090119000452243
conventional_only,708,0.5406216269112625,0.7216604722982441,0.18103884538698167
conventional_only,709,0.5353600166047989,0.7152887024277489,0.17992868582294996
conventional_only,710,0.5371951051677453,0.7030745197202233,0.165879414552478
conventional_only,711,0.5349551132558652,0.7059277012883508,0.1709725880324856
conventional_only,712,0.5212815487865118,0.7037723199926347,0.1824907712061229
conventional_only,713,0.5522635915480518,0.7037960131135589,0.15153242156550706
conventional_only,714,0.5443328727907737,0.7101580064294541,0.16582513363868046
conventional_only,715,0.5358675509536399,0.7073633052333298,0.17149575427968988
conventional_only,716,0.5332223483591244,0.7162786534174882,0.1830563050583638
conventional_only,717,0.5048532133175736,0.7091848459140412,0.20433163259646758
conventional_only,718,0.5514841233964991,0.7160931248576293,0.16460900146113022
conventional_only,719,0.5401167589470839,0.7051567981973869,0.16504003925030297
conventional_only,720,0.5046927645077761,0.7054699407769792,0.2007771762692031
conventional_only,721,0.5562779290259806,0.716775695819632,0.16049776679365135
conventional_only,722,0.5440856413222632,0.7082921161989723,0.16420647487670903
conventional_only,723,0.5428690562436859,0.7083414245403135,0.1654723682966276
conventional_only,724,0.5241503210374294,0.7123854953967987,0.18823517435936932
conventional_only,725,0.5371895347861034,0.7022528715142342,0.16506333672813078
conventional_only,726,0.5264516987100316,0.7093546084333557,0.18290290972332413
conventional_only,727,0.5369326096654282,0.7100427148654381,0.1731101052000099
conventional_only,728,0.5428746439695724,0.7120545329853858,0.16917988901581338
conventional_only,729,0.5462706032799773,0.7034035194260346,0.1571329161460573
conventional_only,730,0.5288738789186577,0.7175588840422293,0.18868500512357167
conventional_only,731,0.5126006326677914,0.7030375760569851,0.1904369433891937
conventional_only,732,0.5475551600998367,0.7123980783652498,0.16484291826541309
conventional_only,733,0.5093288745312666,0.7151513443146817,0.20582246978341512
conventional_only,734,0.5391654182175626,0.7216848072505259,0.18251938903296328
conventional_only,735,0.5133619713700283,0.6991183497207294,0.18575637835070113
conventional_only,736,0.539900350910441,0.7115749080565644,0.17167455714612345
conventional_only,737,0.5355762918555871,0.7032473343647124,0.16767104250912535
conventional_only,738,0.5340734996922838,0.7104459295817098,0.17637242988942603
conventional_only,739,0.5271232266424333,0.6997596128234043,0.172636386180971
conventional_only,740,0.5510237705706607,0.7024235769974164,0.15139980642675577
conventional_only,741,0.5362208110878639,0.7065064093160919,0.17028559822822797
conventional_only,742,0.5463066318676706,0.7085122016883987,0.1622055698207281
conventional_only,743,0.5433191254145082,0.7150165442020578,0.17169741878754963
conventional_only,744,0.5381887383737255,0.7220810468155489,0.18389230844182336
conventional_only,745,0.5391545669789621,0.7095431484145914,0.1703885814356293
conventional_only,746,0.5240740840940636,0.7041912973651742,0.18011721327111052
conventional_only,747,0.5466309123927623,0.7047867189013484,0.15815580650858607
conventional_only,748,0.5334548982514505,0.716619862584575,0.18316496433312446
conventional_only,749,0.5275692024651322,0.7035711548601574,0.17600195239502525
conventional_only,750,0.5531651020499783,0.7130022770714817,0.1598371750215034
conventional_only,751,0.5344568325521041,0.7137284557767504,0.1792716232246463
conventional_only,752,0.5113034272320469,0.7193641824308826,0.2080607551988357
conventional_only,753,0.5208622714069304,0.7126435483394203,0.19178127693248992
conventional_only,754,0.5421109160019337,0.712072017407808,0.16996110140587428
conventional_only,755,0.5216211839172151,0.7060545162725465,0.18443333235533133
conventional_only,756,0.5227420502378303,0.7125482397948328,0.18980618955700257
conventional_only,757,0.5359500739939079,0.718364278216071,0.18241420422216303
conventional_only,758,0.5556888280117572,0.7127370835664886,0.15704825555473134
conventional_only,759,0.5296825494245654,0.7047244341340898,0.17504188470952442
conventional_only,760,0.5322796031187025,0.7156029831410279,0.1833233800223254
conventional_only,761,0.5442984118735762,0.705868961535915,0.16157054966233886
conventional_only,762,0.5596087855863465,0.7091923596976335,0.14958357411128698
conventional_only,763,0.525734502607787,0.7103498339664954,0.18461533135870845
conventional_only,764,0.5399739216461886,0.715941331517718,0.17596740987152937
conventional_only,765,0.5130707871323192,0.7122833800995523,0.19921259296723304
conventional_only,766,0.5504966344743674,0.7163731016285444,0.16587646715417703
conventional_only,767,0.5311828177547273,0.7031383465511557,0.1719555287964284
conventional_only,768,0.515604706264017,0.7176390373437308,0.2020343310797138
conventional_only,769,0.5154433811341917,0.7073091615090503,0.19186578037485857
conventional_only,770,0.5292692142023571,0.7133403953530667,0.18407118115070964
conventional_only,771,0.5065672148666684,0.7135485307643146,0.20698131589764612
conventional_only,772,0.5390217442830141,0.6988271920963073,0.1598054478132932
conventional_only,773,0.5087192629409958,0.7125590400684498,0.20383977712745405
conventional_only,774,0.5526733446457747,0.7106788708827102,0.15800552623693553
conventional_only,775,0.5118883087686772,0.7101722462060132,0.19828393743733597
conventional_only,776,0.5351791252775495,0.7115464632333862,0.1763673379558367
conventional_only,777,0.512489720265504,0.704776704495303,0.19228698422979906
conventional_only,778,0.5317626083622086,0.7138456409653513,0.18208303260314274
conventional_only,779,0.5557026699952216,0.6980566088827681,0.14235393888754655
conventional_only,780,0.5352021825823944,0.698955038115572,0.16375285553317764
conventional_only,781,0.5174797334334729,0.7117100049719265,0.19423027153845362
conventional_only,782,0.5419102842867842,0.7094852337874246,0.16757494950064034
conventional_only,783,0.5354997422398216,0.7126399733294912,0.1771402310896697
conventional_only,784,0.5218638968372091,0.71148094103318,0.18961704419597092
conventional_only,785,0.5488176308826416,0.7002809101637957,0.1514632792811541
conventional_only,786,0.528403835010531,0.7039871006067072,0.1755832655961762
conventional_only,787,0.5423384711584477,0.7023922548608281,0.16005378370238044
conventional_only,788,0.509392228503959,0.7205991310334426,0.2112069025294836
conventional_only,789,0.5213041015425601,0.6977031470838346,0.1763990455412745
conventional_only,790,0.5518956490777831,0.7018405990878903,0.14994495001010721
conventional_only,791,0.5126002215808696,0.7112199799426604,0.1986197583617908
conventional_only,792,0.5414089888205253,0.7080799759170433,0.16667098709651795
conventional_only,793,0.5216225423265899,0.7128722809935631,0.19124973866697326
conventional_only,794,0.5450116163403028,0.7113623972383578,0.166350780898055
conventional_only,795,0.515091179674477,0.7107594132355244,0.19566823356104734
conventional_only,796,0.5139799125583362,0.7117197521194826,0.19773983956114638
conventional_only,797,0.5232805696581085,0.7127548292502742,0.18947425959216568
conventional_only,798,0.520772219252768,0.7144013668018636,0.19362914754909566
conventional_only,799,0.5338345251933333,0.7138705257839326,0.18003600059059932
conventional_only,800,0.5327585265859348,0.7171661753309622,0.18440764874502735
conventional_only,801,0.5485197354117846,0.7111415753538495,0.16262183994206492
conventional_only,802,0.5458791358943386,0.7095276315693567,0.16364849567501816
conventional_only,803,0.5231660281299217,0.7171843651451234,0.19401833701520166
conventional_only,804,0.5455208891355465,0.7121359250102628,0.16661503587471627
conventional_only,805,0.5190118793205031,0.7152901802317325,0.19627830091122944
conventional_only,806,0.5086845675452671,0.7129599544115842,0.20427538686631708
conventional_only,807,0.5468553546612628,0.7102747980815087,0.16341944342024595
conventional_only,808,0.5570806338471694,0.7149510269702455,0.15787039312307605
conventional_only,809,0.5313407625939092,0.7082685856319707,0.17692782303806154
conventional_only,810,0.5436574717595137,0.7066131455365712,0.16295567377705744
conventional_only,811,0.5332923803455696,0.7039234676060947,0.17063108726052512
conventional_only,812,0.5472940388050445,0.7069392659871888,0.15964522718214436
conventional_only,813,0.5525779878930108,0.712364974603363,0.15978698671035219
conventional_only,814,0.5284872848738746,0.7068521075428496,0.1783648226689749
conventional_only,815,0.5282034206771822,0.7078148888407167,0.17961146816353457
conventional_only,816,0.5329394803012583,0.7131318100334151,0.18019232973215682
conventional_only,817,0.5237372946687265,0.7087139557682516,0.18497666109952504
conventional_only,818,0.5107520564041832,0.7153336239467768,0.2045815675425936
conventional_only,819,0.5356968742373946,0.7059878422613385,0.17029096802394383
conventional_only,820,0.5296334233134867,0.7063521670546887,0.176718743741202
conventional_only,821,0.5358049301121811,0.7127025510210269,0.17689762090884575
conventional_only,822,0.5267400436280063,0.7011559688839861,0.17441592525597982
conventional_only,823,0.5303929379331351,0.7144427144027247,0.18404977646958953
conventional_only,824,0.5239794494329477,0.7003372028848439,0.1763577534518962
conventional_only,825,0.5227068883151738,0.7097925769529031,0.18708568863772934
conventional_only,826,0.520536079384428,0.7019500407724386,0.18141396138801058
conventional_only,827,0.5377418937219379,0.708532958395252,0.17079106467331406
conventional_only,828,0.5356723461796506,0.7181303916155378,0.18245804543588717
conventional_only,829,0.546489706765263,0.7164772574165487,0.16998755065128568
conventional_only,830,0.5200981486386435,0.7080826210525296,0.18798447241388616
conventional_only,831,0.5325552634076093,0.7022328596730348,0.16967759626542556
conventional_only,832,0.5255981231595351,0.705397805339555,0.17979968218001985
conventional_only,833,0.5298652410137388,0.7089269849492666,0.17906174393552787
conventional_only,834,0.5358841957079042,0.7092014333826078,0.17331723767470353
conventional_only,835,0.5565059138976618,0.7028249438187609,0.14631902992109913
conventional_only,836,0.5313381897354198,0.7084030407907004,0.17706485105528058
conventional_only,837,0.534031966344709,0.7060086709493577,0.17197670460464876
conventional_only,838,0.5540783562838364,0.7142161996259432,0.1601378433421068
conventional_only,839,0.5457934327733811,0.7138526325556089,0.16805919978222783
conventional_only,840,0.5285496124432837,0.7125952812186908,0.18404566877540707
conventional_only,841,0.5501031933940332,0.7132673416055214,0.16316414821148817
conventional_only,842,0.5379877363464561,0.699840202006135,0.1618524656596788
conventional_only,843,0.5503777842027836,0.7115044724046103,0.16112668820182674
conventional_only,844,0.5313334649989562,0.7105694114837152,0.17923594648475905
conventional_only,845,0.5208044861285965,0.715141201284026,0.1943367151554295
conventional_only,846,0.5222805407636414,0.6998834158515096,0.1776028750878682
conventional_only,847,0.5501485633456021,0.7107221097658004,0.16057354642019828
conventional_only,848,0.5312544283312354,0.7053130644750792,0.17405863614384387
conventional_only,849,0.5284590847590597,0.7169224902970477,0.18846340553798802
conventional_only,850,0.5325914802921133,0.7013115629210533,0.16872008262894
conventional_only,851,0.5262107536731712,0.7046032926853874,0.1783925390122162
conventional_only,852,0.5303821338894116,0.7079775934434707,0.1775954595540591
conventional_only,853,0.5433336362306693,0.7087957636691625,0.1654621274384932
conventional_only,854,0.5252176858529294,0.7084337264747826,0.18321604062185326
conventional_only,855,0.5363504998789622,0.7112856088923244,0.17493510901336218
conventional_only,856,0.555549346427327,0.7037699601059404,0.1482206136786134
conventional_only,857,0.5343685142233543,0.7225708001455451,0.1882022859221908
conventional_only,858,0.5260800625003239,0.7146961031732957,0.18861604067297177
conventional_only,859,0.553631639539887,0.713178937113759,0.15954729757387198
conventional_only,860,0.5348262823879077,0.7191491115851831,0.18432282919727538
conventional_only,861,0.536555528773131,0.7088738983319373,0.1723183695588063
conventional_only,862,0.5307830357115246,0.7155483797487017,0.18476534403717704
conventional_only,863,0.5370923702812556,0.7083397275738553,0.17124735729259977
conventional_only,864,0.5540284294215627,0.7086584399500635,0.15463001052850078
conventional_only,865,0.5093970993510165,0.7097845833632922,0.20038748401227569
conventional_only,866,0.4945397504414523,0.7087875285070293,0.214247778065577
conventional_only,867,0.5453412843680822,0.7007776507996915,0.1554363664316093
conventional_only,868,0.5117898100636185,0.7128080962715976,0.20101828620797912
conventional_only,869,0.5439205883566756,0.7088605127786529,0.16493992442197736
conventional_only,870,0.5544946184052276,0.7072088423229356,0.15271422391770795
conventional_only,871,0.5378821824443282,0.7079939508296031,0.17011176838527498
conventional_only,872,0.5356403934089073,0.703805980300689,0.16816558689178163
conventional_only,873,0.5091451850941349,0.7135413670097458,0.20439618191561093
conventional_only,874,0.529899998668482,0.705708470904909,0.17580847223642693
conventional_only,875,0.5146896578167119,0.7121799662166131,0.19749030839990112
conventional_only,876,0.5519073683782284,0.7048961055267382,0.1529887371485098
conventional_only,877,0.5392881415792123,0.7161466691197023,0.17685852754048992
conventional_only,878,0.5395229735035669,0.7129743271580782,0.17345135365451125
conventional_only,879,0.5257756628409043,0.707129608114569,0.18135394527366477
conventional_only,880,0.5219628906430102,0.6997612374211053,0.17779834677809514
conventional_only,881,0.5325200114726361,0.7076635070916841,0.17514349561904807
conventional_only,882,0.5234048893473346,0.6997529988976756,0.17634810955034097
conventional_only,883,0.5269475716089856,0.7089187644362996,0.181971192827314
conventional_only,884,0.5336721689748332,0.7036600715075467,0.16998790253271356
conventional_only,885,0.5263778139898815,0.7092875992387114,0.18290978524882995
conventional_only,886,0.5196558128363057,0.7133561385257592,0.1937003256894535
conventional_only,887,0.5361212932450407,0.7126817124763498,0.17656041923130916
conventional_only,888,0.5206604794184,0.7167743976054931,0.19611391818709312
conventional_only,889,0.5368609345335116,0.7077178126609289,0.17085687812741734
conventional_only,890,0.5379935891735207,0.71816276294075,0.1801691737672293
conventional_only,891,0.5325167023760162,0.7117662857042631,0.17924958332824692
conventional_only,892,0.5359856025344943,0.7053075834462266,0.16932198091173223
conventional_only,893,0.5226466299699902,0.7140250695236099,0.19137843955361966
conventional_only,894,0.5253610963342327,0.7043906088153753,0.17902951248114263
conventional_only,895,0.5267490219527163,0.7128790072120722,0.18612998525935587
conventional_only,896,0.5437883429151996,0.7174770304292006,0.17368868751400102
conventional_only,897,0.5336119991235502,0.7201636438213308,0.18655164469778063
conventional_only,898,0.5216818045302318,0.708647107193605,0.1869653026633732
conventional_only,899,0.5483650671519074,0.7036814092804702,0.15531634212856282
conventional_only,900,0.4948460741326651,0.7216458312422187,0.22679975710955358
conventional_only,901,0.5272161898664404,0.7118532144150672,0.18463702454862685
conventional_only,902,0.5109618602582922,0.7084686203545076,0.19750676009621548
conventional_only,903,0.5341781093397353,0.7133392535494757,0.1791611442097404
conventional_only,904,0.543817943480646,0.7044270747634437,0.16060913128279763
conventional_only,905,0.533772816646063,0.7040631409454656,0.1702903242994026
conventional_only,906,0.5397326426769076,0.7159448910920482,0.1762122484151406
conventional_only,907,0.544004326090074,0.7036772916247567,0.1596729655346827
conventional_only,908,0.5189683777976195,0.711102362144931,0.19213398434731155
conventional_only,909,0.5227718172005669,0.7137713633716177,0.19099954617105086
conventional_only,910,0.5540827339454247,0.7118382469819374,0.1577555130365127
conventional_only,911,0.5177518233879163,0.7138972304126019,0.19614540702468564
conventional_only,912,0.539725679624111,0.7095050943960326,0.1697794147719216
conventional_only,913,0.520243133150143,0.7125323525556949,0.19228921940555188
conventional_only,914,0.5150982351763532,0.710782428540326,0.1956841933639728
conventional_only,915,0.5379633350050709,0.7096176899559224,0.17165435495085157
conventional_only,916,0.531732557213889,0.7117164877026657,0.1799839304887767
conventional_only,917,0.5210478701305903,0.7057923355386909,0.18474446540810063
conventional_only,918,0.5318973169304803,0.7092645812688636,0.17736726433838335
conventional_only,919,0.5215125940867433,0.7125411961802083,0.19102860209346495
conventional_only,920,0.5326294056176694,0.7220017215334932,0.18937231591582382
conventional_only,921,0.5306425968376279,0.7115278689626962,0.18088527212506822
conventional_only,922,0.5359838170197683,0.7092407625615983,0.17325694554183002
conventional_only,923,0.5469442125825327,0.7079004600860695,0.16095624750353688
conventional_only,924,0.5440825324048509,0.7047110589833139,0.16062852657846294
conventional_only,925,0.5441891629075052,0.7109712331395338,0.16678207023202862
conventional_only,926,0.5295976243633099,0.7110644873177925,0.18146686295448256
conventional_only,927,0.5384622629674991,0.7104721740664864,0.17200991109898733
conventional_only,928,0.5191319152901013,0.7081605270655121,0.18902861177541086
conventional_only,929,0.537662044348995,0.7155647650354365,0.17790272068644153
conventional_only,930,0.5439112481743446,0.7128799920136268,0.1689687438392823
conventional_only,931,0.5265398920147905,0.7112220190806924,0.18468212706590192
conventional_only,932,0.5279722751056317,0.7121264596610702,0.18415418455543853
conventional_only,933,0.5375607824692616,0.7073006329901292,0.1697398505208676
conventional_only,934,0.5420033909088923,0.7088056765292512,0.16680228562035893
conventional_only,935,0.5299369669753569,0.7088879312853009,0.17895096430994406
conventional_only,936,0.5301283531203155,0.7046771355606309,0.17454878244031546
conventional_only,937,0.5361058462648439,0.7100136787837352,0.1739078325188913
conventional_only,938,0.54166847630235,0.7148608995719439,0.17319242326959383
conventional_only,939,0.5169995723350626,0.7085339047884002,0.19153433245333762
conventional_only,940,0.5352017326440622,0.7151899449525938,0.17998821230853157
conventional_only,941,0.5362309927100306,0.709290412962437,0.1730594202524064
conventional_only,942,0.5473417323164204,0.7050365640956691,0.1576948317792487
conventional_only,943,0.5416459291046901,0.7055538968972965,0.1639079677926064
conventional_only,944,0.5381377637493742,0.7175305365111462,0.179392772761772
conventional_only,945,0.5315803507400365,0.718963701808912,0.1873833510688755
conventional_only,946,0.5487591751451106,0.7054610620458887,0.15670188690077802
conventional_only,947,0.5582078619974128,0.7075845457898218,0.14937668379240898
conventional_only,948,0.5286192189715504,0.7160573925279365,0.18743817355638615
conventional_only,949,0.5306389549461351,0.710618735835159,0.1799797808890239
conventional_only,950,0.5325951415197809,0.714754540401935,0.18215939888215404
conventional_only,951,0.49059071792299436,0.7046886829641476,0.2140979650411532
conventional_only,952,0.5179538722414957,0.703735431078536,0.18578155883704028
conventional_only,953,0.5182781458442781,0.7183229867985905,0.2000448409543124
conventional_only,954,0.5398456239869065,0.7081020705373581,0.16825644655045158
conventional_only,955,0.5208113245624132,0.6979753033577811,0.17716397879536794
conventional_only,956,0.5198659959734923,0.7189741191036805,0.19910812313018822
conventional_only,957,0.5042591259708468,0.7108616676935154,0.20660254172266868
conventional_only,958,0.5269802928085111,0.7112717285222802,0.18429143571376905
conventional_only,959,0.5276897392694289,0.7096971831963761,0.18200744392694723
conventional_only,960,0.5296448373160195,0.7131402527333643,0.18349541541734482
conventional_only,961,0.5375616135462439,0.7126537452265611,0.17509213168031723
conventional_only,962,0.5326210070758303,0.7120209249846254,0.17939991790879517
conventional_only,963,0.5310308074536104,0.7103044302915437,0.17927362283793324
conventional_only,964,0.5453006971187342,0.7056561533873749,0.16035545626864067
conventional_only,965,0.525792079059615,0.7098609650118141,0.18406888595219906
conventional_only,966,0.5379449310696586,0.7039988754671213,0.16605394439746268
conventional_only,967,0.546712941063725,0.70981244226265,0.1630995011989249
conventional_only,968,0.5193439044468051,0.7097944062077848,0.19045050176097966
conventional_only,969,0.5487116375064055,0.71107179820217,0.16236016069576453
conventional_only,970,0.5402422272830951,0.7115763561425316,0.17133412885943644
conventional_only,971,0.5360449832408843,0.714241957402874,0.17819697416198965
conventional_only,972,0.5276240046220488,0.7091417251005189,0.18151772047847003
conventional_only,973,0.5220592034918445,0.7137682246710157,0.1917090211791712
conventional_only,974,0.5492366395662092,0.7048527336118015,0.1556160940455923
conventional_only,975,0.544107504268265,0.7114152836694215,0.1673077794011565
conventional_only,976,0.5285904897561841,0.7127540427419041,0.18416355298572007
conventional_only,977,0.5151770890604079,0.7115328487080868,0.19635575964767882
conventional_only,978,0.5475430105448847,0.7084054972076322,0.1608624866627475
conventional_only,979,0.542402517921712,0.7138753056093157,0.17147278768760366
conventional_only,980,0.5459662656525647,0.7226401535517295,0.17667388789916483
conventional_only,981,0.5152032878057531,0.708828538355939,0.19362525055018587
conventional_only,982,0.5197599710134259,0.7036858652533915,0.18392589423996564
conventional_only,983,0.5367430434250248,0.7133227917707214,0.17657974834569667
conventional_only,984,0.5021953857167911,0.7104382374246834,0.20824285170789225
conventional_only,985,0.5200720007725242,0.7082949951836472,0.188222994411123
conventional_only,986,0.5227712411872608,0.7037791190775052,0.18100787789024442
conventional_only,987,0.5221691015297553,0.7187772931941532,0.1966081916643979
conventional_only,988,0.5408156005806232,0.7205229874053205,0.17970738682469733
conventional_only,989,0.5279165766933624,0.7102987637188969,0.18238218702553444
conventional_only,990,0.5344584952141361,0.7035460939487749,0.16908759873463874
conventional_only,991,0.5370969203572421,0.7037612179513717,0.1666642975941296
conventional_only,992,0.5296377877421107,0.7038044181796238,0.17416663043751313
conventional_only,993,0.5193185041905498,0.7056549842537306,0.18633648006318082
conventional_only,994,0.5361039176978576,0.6974923873865831,0.16138846968872556
conventional_only,995,0.5387076259406771,0.7088831709379155,0.17017554499723841
conventional_only,996,0.5183679611237927,0.7043097608447474,0.1859417997209547
conventional_only,997,0.5361122175946301,0.7025839481371989,0.1664717305425688
conventional_only,998,0.5310534436105678,0.7110876218552442,0.18003417824467638
conventional_only,999,0.5424041989225392,0.7138842521324384,0.17148005320989923
conventional_only,1000,0.5014037780304922,0.7182654624888897,0.21686168445839749
conventional_only,1001,0.536294954232233,0.7077919751744933,0.17149702094226038
conventional_only,1002,0.5245824295635373,0.717502794484941,0.19292036492140374
conventional_only,1003,0.5388491521099789,0.706817583741362,0.1679684316313832
conventional_only,1004,0.5354112804042067,0.7146058238536288,0.1791945434494221
conventional_only,1005,0.5261295401203683,0.7035710774413184,0.17744153732095014
conventional_only,1006,0.5210199528783955,0.7079379959140282,0.18691804303563264
conventional_only,1007,0.5416834659794689,0.7085378945103781,0.16685442853090915
conventional_only,1008,0.526910711373413,0.7118492480367948,0.18493853666338178
conventional_only,1009,0.521494976462693,0.7104421950448163,0.18894721858212327
conventional_only,1010,0.5269526334128442,0.7197799983687974,0.1928273649559532
conventional_only,1011,0.548516634632599,0.7130132302652079,0.16449659563260888
conventional_only,1012,0.5483438093945935,0.7049498979283757,0.15660608853378222
conventional_only,1013,0.5311085616799882,0.7146647201350269,0.1835561584550387
conventional_only,1014,0.5331609743841159,0.7146072616241326,0.18144628724001666
conventional_only,1015,0.543543322493516,0.7105112227225581,0.16696790022904207
conventional_only,1016,0.5381302998668613,0.7158378987852413,0.17770759891837995
conventional_only,1017,0.5363795175478483,0.7134980879999243,0.17711857045207602
conventional_only,1018,0.5304910123833908,0.707296209887926,0.17680519750453516
conventional_only,1019,0.5176747504909526,0.7208568752561653,0.2031821247652127
conventional_only,1020,0.548719585618661,0.7084477010330517,0.1597281154143907
conventional_only,1021,0.5528544249294975,0.7094045470625427,0.1565501221330452
conventional_only,1022,0.533493689312388,0.7126100377130873,0.17911634840069923
conventional_only,1023,0.5282220965979457,0.7117525428776835,0.1835304462797378
conventional_only,1024,0.5283721802141088,0.7079944489621276,0.1796222687480188
conventional_only,1025,0.5113408962810352,0.7113281076878946,0.19998721140685938
conventional_only,1026,0.5163912980264077,0.7061615427750013,0.1897702447485936
conventional_only,1027,0.5402065962175161,0.7087697825927689,0.1685631863752528
conventional_only,1028,0.544920755958938,0.7138778485713141,0.16895709261237613
conventional_only,1029,0.5353492208630014,0.7120611436252665,0.1767119227622651
conventional_only,1030,0.5474232530599249,0.7089724744613297,0.16154922140140482
conventional_only,1031,0.5346973908924614,0.7212733846796968,0.18657599378723544
conventional_only,1032,0.5212724531690314,0.7017276970885801,0.1804552439195487
conventional_only,1033,0.5290935605729484,0.7123428169874177,0.18324925641446932
conventional_only,1034,0.5385903104218429,0.7119964854217271,0.1734061749998842
conventional_only,1035,0.5368768290691038,0.7127347270210661,0.17585789795196227
conventional_only,1036,0.5260045788759753,0.7099446385047913,0.183940059628816
conventional_only,1037,0.5278042143283608,0.7199038024287073,0.19209958810034655
conventional_only,1038,0.5290231933454204,0.7076661311258925,0.17864293778047213
conventional_only,1039,0.5243906528771688,0.7130757236933262,0.18868507081615737
conventional_only,1040,0.53847491886169,0.7175723848702217,0.1790974660085317
conventional_only,1041,0.5332148279008188,0.706127484428241,0.17291265652742227
conventional_only,1042,0.5330701478267414,0.7227019784949297,0.18963183066818823
conventional_only,1043,0.531383570686659,0.7073413898702128,0.1759578191835538
conventional_only,1044,0.5396873049672584,0.7131708073765964,0.17348350240933808
conventional_only,1045,0.5455426991825966,0.7080225709331164,0.1624798717505198
conventional_only,1046,0.5106986821517933,0.7101752028567183,0.19947652070492505
conventional_only,1047,0.5406093360778529,0.7076539219214355,0.16704458584358262
conventional_only,1048,0.5362193956994071,0.7093567053280733,0.17313730962866614
conventional_only,1049,0.5326389538758292,0.7099090827164624,0.1772701288406332
conventional_only,1050,0.5272503552291865,0.7115974996343516,0.1843471444051651
conventional_only,1051,0.5491256610056493,0.7082788467031584,0.15915318569750914
conventional_only,1052,0.5355081542481092,0.7121060154783906,0.17659786123028143
conventional_only,1053,0.5347047293837128,0.7077091406054199,0.17300441122170707
conventional_only,1054,0.539726769378529,0.725822939480025,0.18609617010149593
conventional_only,1055,0.5439551254670558,0.7242852096601877,0.1803300841931319
conventional_only,1056,0.5357810382624066,0.7116791184403027,0.1758980801778961
conventional_only,1057,0.537056137501434,0.7112064142760397,0.1741502767746057
conventional_only,1058,0.5482528197362972,0.7154101414753432,0.16715732173904596
conventional_only,1059,0.5210281471269175,0.7139467143204381,0.19291856719352063
conventional_only,1060,0.5419129845705514,0.7083880288492117,0.16647504427866033
conventional_only,1061,0.5296650813268411,0.7126983566386859,0.18303327531184477
conventional_only,1062,0.5220887874580421,0.7090812095248232,0.18699242206678113
conventional_only,1063,0.5321966825604791,0.7115767186939875,0.1793800361335084
conventional_only,1064,0.5289280221266263,0.7118007357254958,0.18287271359886959
conventional_only,1065,0.5350294314336835,0.7145798200366791,0.17955038860299555
conventional_only,1066,0.529255950929841,0.7102279829649499,0.18097203203510892
conventional_only,1067,0.5352999364254416,0.7111742362468289,0.17587429982138725
conventional_only,1068,0.513416500388236,0.6982200819335334,0.1848035815452973
conventional_only,1069,0.5405715923559823,0.7042490274917381,0.16367743513575583
conventional_only,1070,0.5215662624070747,0.7035630176740348,0.18199675526696013
conventional_only,1071,0.5474893609040107,0.7183781513117625,0.17088879040775184
conventional_only,1072,0.5262600842033284,0.7176158307909671,0.19135574658763876
conventional_only,1073,0.5469157523656735,0.7118276021801524,0.16491184981447893
conventional_only,1074,0.5322228586008705,0.7040172899289986,0.1717944313281281
conventional_only,1075,0.5007624889664644,0.7033114737692503,0.20254898480278594
conventional_only,1076,0.545378825410844,0.7128024637265423,0.1674236383156983
conventional_only,1077,0.5117924190653474,0.7109893147749549,0.1991968957096074
conventional_only,1078,0.5417858615553128,0.7033418767203812,0.16155601516506835
conventional_only,1079,0.5344369510401913,0.7152312788004614,0.18079432776027016
conventional_only,1080,0.54274727275395,0.7110106898580176,0.16826341710406767
conventional_only,1081,0.5404443334313703,0.7081783375096394,0.1677340040782691
conventional_only,1082,0.5172209509333043,0.6998055484857334,0.18258459755242906
conventional_only,1083,0.5287991030971858,0.709543878173989,0.1807447750768032
conventional_only,1084,0.5384548926126977,0.7087149355178147,0.17026004290511698
conventional_only,1085,0.5608398668009773,0.7034056524073997,0.1425657856064224
conventional_only,1086,0.5181341854524318,0.7135563863545425,0.1954222009021107
conventional_only,1087,0.5248494966962989,0.7136423150872834,0.1887928183909845
conventional_only,1088,0.5347834969847118,0.7131882771217737,0.17840478013706185
conventional_only,1089,0.5322115147542185,0.7190618274282758,0.18685031267405738
conventional_only,1090,0.5490113104210217,0.705840507883955,0.15682919746293333
conventional_only,1091,0.5346641981529389,0.7056946677813399,0.17103046962840107
conventional_only,1092,0.5556802683676649,0.7074668925642877,0.1517866241966228
conventional_only,1093,0.5303034954297218,0.7072145345084357,0.17691103907871397
conventional_only,1094,0.5414256195268686,0.7146556191666256,0.17322999963975694
conventional_only,1095,0.5231873198858458,0.7060965898760403,0.18290926999019452
conventional_only,1096,0.5414598779133686,0.7119196005414997,0.17045972262813114
conventional_only,1097,0.5340671787163719,0.7079597783744781,0.17389259965810622
conventional_only,1098,0.5347592798501754,0.7084591848194198,0.17369990496924448
conventional_only,1099,0.5066367522042201,0.7117463464358573,0.20510959423163722
conventional_only,1100,0.5254225211931407,0.7093132884411648,0.1838907672480241
conventional_only,1101,0.5192268398388423,0.7162257757036572,0.19699893586481487
conventional_only,1102,0.5186800775513356,0.7110305167160628,0.19235043916472716
conventional_only,1103,0.5194492919809973,0.7082501044360766,0.1888008124550793
conventional_only,1104,0.5437666539171147,0.7095479004090881,0.16578124649197346
conventional_only,1105,0.53823370720558,0.7105429623094062,0.17230925510382622
conventional_only,1106,0.5235501381308247,0.7093229207611244,0.18577278263029962
conventional_only,1107,0.5554917348870688,0.7145612783902877,0.1590695435032189
conventional_only,1108,0.5394976195956889,0.7218927677281608,0.18239514813247193
conventional_only,1109,0.49922978589700584,0.7087300235898358,0.20950023769283
conventional_only,1110,0.5480180811635136,0.7106409507697888,0.16262286960627526
conventional_only,1111,0.5393472346100278,0.7035586876736902,0.16421145306366247
conventional_only,1112,0.5344164369466163,0.7118477917253547,0.1774313547787384
conventional_only,1113,0.5505509337788632,0.7105444180851508,0.15999348430628757
conventional_only,1114,0.5311014289850943,0.7142576991034031,0.18315627011830882
conventional_only,1115,0.528154004049903,0.7046121402734123,0.17645813622350937
conventional_only,1116,0.5360899194901454,0.717118190993581,0.1810282715034356
conventional_only,1117,0.5295377884567093,0.7066659643349461,0.17712817587823682
conventional_only,1118,0.5340213475460751,0.709985033593028,0.1759636860469529
conventional_only,1119,0.5330069873242301,0.7062421152886103,0.17323512796438012
conventional_only,1120,0.536422515052563,0.7111134986556817,0.17469098360311874
conventional_only,1121,0.5241360239005167,0.7105502696453587,0.186414245744842
conventional_only,1122,0.5774565085791802,0.7141794509519278,0.13672294237274762
conventional_only,1123,0.5382689101901029,0.7112048355378026,0.17293592534769964
conventional_only,1124,0.5272008325388845,0.7100584426033457,0.18285761006446122
conventional_only,1125,0.5284186448750915,0.7098158473005448,0.18139720242545332
conventional_only,1126,0.534905189254859,0.7130751545305349,0.17816996527567597
conventional_only,1127,0.5272519977337864,0.7132788020959944,0.18602680436220798
conventional_only,1128,0.508222110869786,0.7013729970698103,0.1931508862000243
conventional_only,1129,0.525719066129077,0.7093298595357851,0.18361079340670805
conventional_only,1130,0.5562987571281628,0.7095685005649166,0.1532697434367538
conventional_only,1131,0.557202312160038,0.7130611721204893,0.15585885996045123
conventional_only,1132,0.5072903385439071,0.7109750595952364,0.2036847210513293
conventional_only,1133,0.514004572670163,0.7062020504571039,0.19219747778694096
conventional_only,1134,0.5324643728626732,0.7105909873717972,0.17812661450912393
conventional_only,1135,0.5025946107414547,0.7130869469086251,0.21049233616717034
conventional_only,1136,0.5372383640722808,0.7102727968504091,0.17303443277812836
conventional_only,1137,0.529163457925383,0.7084334361678446,0.1792699782424616
conventional_only,1138,0.5238935282468437,0.7133480370213506,0.18945450877450698
conventional_only,1139,0.5180734525806056,0.7153752452327247,0.1973017926521191
conventional_only,1140,0.520293632245549,0.7076027898388674,0.18730915759331834
conventional_only,1141,0.5287972836263904,0.7130310520853083,0.1842337684589178
conventional_only,1142,0.5589221007608346,0.7148028556110354,0.1558807548502008
conventional_only,1143,0.5437026557624033,0.7089253505943466,0.1652226948319433
conventional_only,1144,0.5461319143577287,0.7070126289062612,0.16088071454853248
conventional_only,1145,0.5299841523117464,0.711909530476285,0.18192537816453858
conventional_only,1146,0.5417189370341614,0.7088201570338823,0.16710121999972094
conventional_only,1147,0.5255869907617742,0.7067676133458761,0.18118062258410195
conventional_only,1148,0.5313248942306201,0.7075021190261239,0.1761772247955038
conventional_only,1149,0.5554355151448077,0.7088561247116327,0.15342060956682502
conventional_only,1150,0.5550538589552448,0.7112481177523575,0.15619425879711268
conventional_only,1151,0.5265269869265111,0.7104028371076934,0.18387585018118224
conventional_only,1152,0.5304335500524564,0.7206018836637055,0.19016833361124907
conventional_only,1153,0.5214004798009526,0.708146019512019,0.18674553971106644
conventional_only,1154,0.5518196353614566,0.7171191288022651,0.16529949344080852
conventional_only,1155,0.5552434634607745,0.7044336530196107,0.14919018955883623
conventional_only,1156,0.5420089140379772,0.7103961752140898,0.16838726117611258
conventional_only,1157,0.5566350323987593,0.7118882066620748,0.15525317426331542
conventional_only,1158,0.5372734981184735,0.7065922795068836,0.16931878138841017
conventional_only,1159,0.5306481995019715,0.7066065018508969,0.1759583023489254
conventional_only,1160,0.5326947310877035,0.7174524799230885,0.18475774883538498
conventional_only,1161,0.5320598907484808,0.70556501498187,0.17350512423338915
conventional_only,1162,0.5418797832103409,0.6996872253878722,0.1578074421775313
conventional_only,1163,0.5279315515819839,0.7109115935111917,0.1829800419292078
conventional_only,1164,0.517258646949583,0.7144491876182437,0.1971905406686607
conventional_only,1165,0.5263111503029652,0.7088529553213854,0.1825418050184202
conventional_only,1166,0.5198554606034836,0.713392896627126,0.19353743602364237
conventional_only,1167,0.5264300489766061,0.7056421670052248,0.1792121180286187
conventional_only,1168,0.524369242533474,0.7108938588384283,0.18652461630495432
conventional_only,1169,0.5360783715592479,0.7082437410136161,0.17216536945436822
conventional_only,1170,0.5201837637664702,0.7111819114805051,0.1909981477140349
conventional_only,1171,0.5386317979550185,0.71230007639349,0.17366827843847155
conventional_only,1172,0.5436134735049436,0.7212078483313483,0.17759437482640472
conventional_only,1173,0.5525106972912108,0.7126412343173665,0.16013053702615565
conventional_only,1174,0.5479913651178553,0.7069463631884811,0.15895499807062585
conventional_only,1175,0.5335618068481724,0.7141687554511276,0.18060694860295512
conventional_only,1176,0.5363309797929371,0.7061599548724882,0.16982897507955108
conventional_only,1177,0.5262720080209173,0.7098029525469104,0.18353094452599306
conventional_only,1178,0.5490022273379755,0.7056996660385084,0.15669743870053288
conventional_only,1179,0.5284386948526356,0.7101613551464478,0.18172266029381223
conventional_only,1180,0.5181618921334167,0.7178568060550791,0.1996949139216624
conventional_only,1181,0.5392896268171932,0.7149400142364492,0.17565038741925598
conventional_only,1182,0.5666977266637444,0.710816383714055,0.14411865705031057
conventional_only,1183,0.5387660355595214,0.7095979085775375,0.17083187301801606
conventional_only,1184,0.5399356768180076,0.7009124465205695,0.16097676970256192
conventional_only,1185,0.5402635241415786,0.7117122509814028,0.17144872683982415
conventional_only,1186,0.5392985627435187,0.7082257596378088,0.16892719689429003
conventional_only,1187,0.5404172877494917,0.7085310963117779,0.1681138085622862
conventional_only,1188,0.5527702360198371,0.709576813487809,0.15680657746797189
conventional_only,1189,0.5382502905061297,0.701949916240024,0.1636996257338943
conventional_only,1190,0.523863069248042,0.710586046505739,0.18672297725769693
conventional_only,1191,0.5269316835672815,0.714735071783921,0.18780338821663956
conventional_only,1192,0.5360642175802688,0.7124983984094674,0.1764341808291986
conventional_only,1193,0.5332815997679041,0.7108049625055946,0.17752336273769043
conventional_only,1194,0.5401447391739296,0.7099848204750111,0.16984008130108152
conventional_only,1195,0.5192180811482884,0.7131069163904589,0.1938888352421705
conventional_only,1196,0.5289238475929674,0.7157164744872447,0.18679262689427734
conventional_only,1197,0.5382501895593323,0.707564514097524,0.16931432453819162
conventional_only,1198,0.5488674231775285,0.7125028804140597,0.16363545723653128
conventional_only,1199,0.5286776090076359,0.7165684372071667,0.18789082819953073
conventional_only,1200,0.5271286202890045,0.7044981527947853,0.1773695325057808
conventional_only,1201,0.5412017270256575,0.7085859928403682,0.16738426581471066
conventional_only,1202,0.527772058106967,0.7115754599100684,0.1838034018031014
conventional_only,1203,0.5410038951925933,0.7117775719113896,0.17077367671879629
conventional_only,1204,0.5370615762077484,0.7109543192168943,0.17389274300914592
conventional_only,1205,0.5402441898419518,0.7017651136596547,0.1615209238177029
conventional_only,1206,0.5295549051212693,0.716495271192273,0.18694036607100362
conventional_only,1207,0.5390977393158686,0.7116745840438191,0.17257684472795054
conventional_only,1208,0.5473558388366525,0.7062002030650192,0.15884436422836667
conventional_only,1209,0.5232501349816989,0.7041310015199287,0.18088086653822977
conventional_only,1210,0.5415767961177216,0.7018735314187723,0.1602967353010507
conventional_only,1211,0.5162151426329539,0.7054945510640329,0.18927940843107904
conventional_only,1212,0.5356686559450023,0.7085450872444432,0.17287643129944086
conventional_only,1213,0.5238401568375132,0.7108792919732141,0.18703913513570092
conventional_only,1214,0.5170611572742384,0.7101823275598936,0.19312117028565523
conventional_only,1215,0.516922387562549,0.7058304630499943,0.18890807548744526
conventional_only,1216,0.5459136324774412,0.7101148666414738,0.16420123416403265
conventional_only,1217,0.5196037080116975,0.7105312106264373,0.19092750261473979
conventional_only,1218,0.5447982273529339,0.7121355361953879,0.167337308842454
conventional_only,1219,0.5394740129308047,0.7185939539063377,0.17911994097553308
conventional_only,1220,0.5355770159805296,0.6922787114188051,0.1567016954382755
conventional_only,1221,0.5183429598170797,0.7099690264039404,0.19162606658686077
conventional_only,1222,0.5379297523316794,0.7146978139991093,0.17676806166742987
conventional_only,1223,0.5231707814757929,0.7043818853979971,0.1812111039222042
conventional_only,1224,0.5411160692006463,0.7079254652013965,0.1668093960007503
conventional_only,1225,0.5450104518023333,0.7082268477929347,0.16321639599060134
conventional_only,1226,0.5474350389138415,0.714616932932931,0.16718189401908956
conventional_only,1227,0.5410235840628119,0.7007196301018599,0.15969604603904797
conventional_only,1228,0.5238594388366092,0.7027769573426954,0.17891751850608617
conventional_only,1229,0.5495984955457203,0.7191691593485575,0.16957066380283725
conventional_only,1230,0.5226809835769546,0.7090705127676805,0.18638952919072593
conventional_only,1231,0.5253954254941896,0.7081380983915002,0.1827426728973106
conventional_only,1232,0.5584306852811839,0.7171122849565014,0.15868159967531748
conventional_only,1233,0.5282434378623023,0.6994310665810155,0.17118762871871318
conventional_only,1234,0.5369129944225095,0.6998873635318191,0.16297436910930962
conventional_only,1235,0.5404867069729574,0.7009545577999179,0.16046785082696047
conventional_only,1236,0.513826807827663,0.7134143412152685,0.1995875333876055
conventional_only,1237,0.5239889214144906,0.7107892543451522,0.18680033293066156
conventional_only,1238,0.5376618090483227,0.7115434941902291,0.17388168514190638
conventional_only,1239,0.5328520137817947,0.7100902748864447,0.17723826110465002
conventional_only,1240,0.5271031702611905,0.7124231659238416,0.18531999566265112
conventional_only,1241,0.5306452406104829,0.699748509855609,0.1691032692451261
conventional_only,1242,0.5429897236538621,0.705841724988073,0.16285200133421085
conventional_only,1243,0.5326646642655503,0.7111888509005846,0.17852418663503433
conventional_only,1244,0.5307476800850799,0.7136119871568068,0.18286430707172696
conventional_only,1245,0.5204410737800177,0.7063954006215638,0.1859543268415461
conventional_only,1246,0.5135406539632584,0.7143015848224272,0.2007609308591688
conventional_only,1247,0.535126478308457,0.7121779209589498,0.17705144265049277
conventional_only,1248,0.5320849705632924,0.7141666788766703,0.1820817083133779
conventional_only,1249,0.5202950993176964,0.7125400372375569,0.19224493791986053
conventional_only,1250,0.5354058711260887,0.7128147675810805,0.1774088964549918
conventional_only,1251,0.5485428054674298,0.7148318490470066,0.16628904357957675
conventional_only,1252,0.544789387672404,0.7001288299413149,0.15533944226891083
conventional_only,1253,0.5522332507681547,0.7078684482799351,0.15563519751178045
conventional_only,1254,0.5401477919504728,0.7125511633524608,0.17240337140198803
conventional_only,1255,0.5231706372546637,0.7045990632762872,0.18142842602162346
conventional_only,1256,0.529581190917674,0.7187901545255884,0.1892089636079144
conventional_only,1257,0.5265119956024719,0.7033699854288624,0.17685798982639056
conventional_only,1258,0.5631105468429126,0.7046534183554356,0.14154287151252298
conventional_only,1259,0.5346811052932783,0.7157704329391662,0.18108932764588792
conventional_only,1260,0.5492086061909822,0.7110451046133929,0.16183649842241066
conventional_only,1261,0.5339547750844742,0.7100583510521102,0.17610357596763604
conventional_only,1262,0.5128111648397217,0.7048175787055332,0.19200641386581152
conventional_only,1263,0.5298722638481123,0.7080926258809408,0.17822036203282854
conventional_only,1264,0.5143498218711493,0.7112131386721503,0.196863316801001
conventional_only,1265,0.5349896631552958,0.7164777368567572,0.18148807370146136
conventional_only,1266,0.5497501011135084,0.7121408345706233,0.16239073345711486
conventional_only,1267,0.548490898422423,0.716008960828089,0.1675180624056659
conventional_only,1268,0.5302131276139928,0.7091600474626394,0.17894691984864664
conventional_only,1269,0.5612873587535948,0.703264462359439,0.14197710360584415
conventional_only,1270,0.5349349879436952,0.7123465930602217,0.17741160511652654
conventional_only,1271,0.5360045793439626,0.7167719903667128,0.18076741102275018
conventional_only,1272,0.549170123181754,0.7147016772834337,0.16553155410167975
conventional_only,1273,0.5479128553909743,0.7051834914865213,0.15727063609554692
conventional_only,1274,0.5165638175121379,0.7153530385309362,0.19878922101879837
conventional_only,1275,0.5548225712863801,0.7137619849034276,0.15893941361704744
conventional_only,1276,0.5375541159350505,0.705039166763276,0.1674850508282255
conventional_only,1277,0.530738635896903,0.7067307128955757,0.1759920769986727
conventional_only,1278,0.5354674950969691,0.7155576260272772,0.18009013093030812
conventional_only,1279,0.5278384605249777,0.7122080700127427,0.18436960948776493
conventional_only,1280,0.5278223205389453,0.7123335691467763,0.18451124860783097
conventional_only,1281,0.5609608546225358,0.7001255369017645,0.13916468227922874
conventional_only,1282,0.5295223800945664,0.7052115445470247,0.1756891644524583
conventional_only,1283,0.534412704177695,0.7143410717791462,0.17992836760145114
conventional_only,1284,0.542707222608467,0.7057177311447188,0.16301050853625176
conventional_only,1285,0.5380010741853793,0.7009660229000834,0.16296494871470402
conventional_only,1286,0.533239658617672,0.7055259089431392,0.17228625032546718
conventional_only,1287,0.5245239108238933,0.7241115742442197,0.1995876634203264
conventional_only,1288,0.5433394299001727,0.7016667280135971,0.1583272981134244
conventional_only,1289,0.5526143728787809,0.7137548659169454,0.16114049303816447
conventional_only,1290,0.5381003332584139,0.7045217701069169,0.16642143684850297
conventional_only,1291,0.5250313619796876,0.7230449757178381,0.19801361373815052
conventional_only,1292,0.5246920251703994,0.7061377815366175,0.18144575636621818
conventional_only,1293,0.5435577302251557,0.7118256580107309,0.1682679277855752
conventional_only,1294,0.5266839488328066,0.7032395543550902,0.17655560552228367
conventional_only,1295,0.5273527063309115,0.7076462856836921,0.18029357935278068
conventional_only,1296,0.5247277006059131,0.7111840008668827,0.1864563002609696
conventional_only,1297,0.5394321945413564,0.7034757540184567,0.16404355947710036
conventional_only,1298,0.517980484457804,0.7072752281371669,0.18929474367936294
conventional_only,1299,0.5310769615719734,0.7154636628964675,0.18438670132449408
conventional_only,1300,0.5345141660723907,0.7115165632103723,0.1770023971379816
conventional_only,1301,0.5400693015176574,0.7010714028260379,0.16100210130838044
conventional_only,1302,0.5051573688410742,0.700774213114656,0.19561684427358184
conventional_only,1303,0.5413012510561932,0.7142487526995234,0.17294750164333017
conventional_only,1304,0.5296591695158089,0.7109919240819668,0.18133275456615783
conventional_only,1305,0.5468075565364499,0.7097651475151135,0.1629575909786637
conventional_only,1306,0.5266466027580046,0.717935186526816,0.19128858376881142
conventional_only,1307,0.5431265646075182,0.7031336546648995,0.16000709005738134
conventional_only,1308,0.5074456357806313,0.7028180703826417,0.19537243460201037
conventional_only,1309,0.5402478728674238,0.7182136746742127,0.1779658018067889
conventional_only,1310,0.530882742722443,0.7130491521544465,0.18216640943200357
conventional_only,1311,0.5431663721961909,0.7086359610366371,0.16546958884044616
conventional_only,1312,0.5546489725167367,0.7073245175812997,0.15267554506456293
conventional_only,1313,0.5429477601017875,0.7113882800352066,0.16844051993341913
conventional_only,1314,0.5254471062115738,0.7057361331578906,0.18028902694631688
conventional_only,1315,0.5352282807338714,0.7108750752069782,0.17564679447310683
conventional_only,1316,0.5194336583016151,0.7097473845425096,0.1903137262408945
conventional_only,1317,0.5479826405354583,0.7091793551802844,0.1611967146448261
conventional_only,1318,0.539285970105519,0.7094893858926166,0.17020341578709752
conventional_only,1319,0.5331211469439412,0.7113655295112242,0.17824438256728303
conventional_only,1320,0.5411465201189186,0.7063934467177598,0.16524692659884122
conventional_only,1321,0.5467398891185943,0.7017377172230675,0.15499782810447327
conventional_only,1322,0.5389336694280954,0.7129288038118475,0.17399513438375214
conventional_only,1323,0.5403699123263401,0.7114152798315875,0.17104536750524735
conventional_only,1324,0.5405613407390311,0.7089913585804228,0.16843001784139178
conventional_only,1325,0.5279650345208685,0.7067217492761732,0.17875671475530464
conventional_only,1326,0.5438933522221844,0.7138115574480121,0.16991820522582768
conventional_only,1327,0.5149471347517376,0.7134127829007897,0.1984656481490521
conventional_only,1328,0.5386102484740799,0.7128493358240948,0.17423908735001492
conventional_only,1329,0.5343642282136204,0.7157555526416951,0.1813913244280747
conventional_only,1330,0.5186081852518509,0.7107553089068726,0.19214712365502162
conventional_only,1331,0.5146335858205994,0.7095495746730409,0.19491598885244155
conventional_only,1332,0.5371391568836771,0.7117862769574915,0.17464712007381444
conventional_only,1333,0.5353255179688353,0.7180725490507816,0.18274703108194623
conventional_only,1334,0.5165729727965724,0.7108091740510473,0.19423620125447483
conventional_only,1335,0.5507250858174217,0.7125405131114634,0.16181542729404164
conventional_only,1336,0.5285202357527858,0.7133946952553478,0.18487445950256198
conventional_only,1337,0.5572143552728491,0.7125828066436253,0.15536845137077615
conventional_only,1338,0.5419157189776435,0.7045996213109071,0.16268390233326369
conventional_only,1339,0.521389769803676,0.7115763004465538,0.19018653064287783
conventional_only,1340,0.547241556115493,0.7002655198082797,0.1530239636927867
conventional_only,1341,0.546418515919588,0.712504636156311,0.16608612023672298
conventional_only,1342,0.5523344095648359,0.7089750732575019,0.15664066369266594
conventional_only,1343,0.5403798231910022,0.7098700945621265,0.16949027137112427
conventional_only,1344,0.5218213901801637,0.7157977860973497,0.19397639591718596
conventional_only,1345,0.5239098948830292,0.7041576285290605,0.1802477336460313
conventional_only,1346,0.5253189012989995,0.710400379358839,0.18508147805983954
conventional_only,1347,0.5486362445145269,0.702288861920994,0.15365261740646718
conventional_only,1348,0.5312983412548697,0.7146072831081087,0.18330894185323898
conventional_only,1349,0.5296536600948784,0.6995336588753818,0.16987999878050342
conventional_only,1350,0.5436987523288354,0.7117609660656429,0.16806221373680752
conventional_only,1351,0.5317390340187822,0.7062615978752906,0.17452256385650844
conventional_only,1352,0.5325422938699756,0.7077742383355473,0.17523194446557167
conventional_only,1353,0.5435463595876348,0.7086716907021864,0.16512533111455163
conventional_only,1354,0.5253445931832934,0.7091861767302371,0.1838415835469437
conventional_only,1355,0.5314952153653427,0.7068948220284745,0.1753996066631318
conventional_only,1356,0.5478394656537879,0.7063390152186875,0.15849954956489953
conventional_only,1357,0.5410617942340192,0.6911429566284224,0.15008116239440317
conventional_only,1358,0.5363078249915617,0.7109924307223608,0.17468460573079914
conventional_only,1359,0.5393593230880926,0.7037124901559579,0.1643531670678653
conventional_only,1360,0.5227010636242471,0.7036290227477434,0.18092795912349635
conventional_only,1361,0.5355964967290638,0.7116268762338486,0.17603037950478473
conventional_only,1362,0.5189576494051907,0.7102916676362097,0.19133401823101892
conventional_only,1363,0.5189422862046843,0.7042282811413795,0.18528599493669518
conventional_only,1364,0.5300284265882624,0.7145294320596535,0.18450100547139103
conventional_only,1365,0.5346094926289641,0.7018167248967917,0.16720723226782763
conventional_only,1366,0.5317406783854223,0.7114199581217558,0.17967927973633357
conventional_only,1367,0.5292246344375906,0.7142534085711387,0.18502877413354812
conventional_only,1368,0.5378632297765437,0.705530637303463,0.16766740752691933
conventional_only,1369,0.5435950659134927,0.7155709187252844,0.17197585281179173
conventional_only,1370,0.5336534916454706,0.7191090294430432,0.18545553779757262
conventional_only,1371,0.5151394667395556,0.7054934220801296,0.19035395534057398
conventional_only,1372,0.523030232453334,0.7198604497526122,0.1968302172992782
conventional_only,1373,0.5432375261262576,0.7172231042888326,0.17398557816257498
conventional_only,1374,0.5405925539458917,0.7087533081002667,0.16816075415437504
conventional_only,1375,0.5341257431141057,0.7102864476719133,0.17616070455780763
conventional_only,1376,0.5367553172836202,0.7056988355499982,0.168943518266378
conventional_only,1377,0.5598196104497888,0.7075878708796365,0.1477682604298477
conventional_only,1378,0.543483228895175,0.7054022958692259,0.1619190669740509
conventional_only,1379,0.533558134182793,0.7125310001558687,0.1789728659730757
conventional_only,1380,0.5431204952937951,0.7179180126373654,0.1747975173435703
conventional_only,1381,0.5383782999280268,0.7187229979943229,0.18034469806629616
conventional_only,1382,0.5264167838697326,0.7110764928017389,0.18465970893200634
conventional_only,1383,0.5493826984358848,0.7049085334981112,0.1555258350622264
conventional_only,1384,0.5442143056624802,0.6934730555888384,0.14925874992635824
conventional_only,1385,0.5363400053317822,0.7094081296605542,0.17306812432877205
conventional_only,1386,0.5469332014324941,0.7137013928326523,0.1667681914001582
conventional_only,1387,0.5077016920114078,0.7092107545662129,0.20150906255480505
conventional_only,1388,0.5446991619448546,0.7101081166044001,0.16540895465954553
conventional_only,1389,0.5287401757040434,0.7133764324125981,0.18463625670855466
conventional_only,1390,0.5423981070957057,0.7116959122682802,0.16929780517257453
conventional_only,1391,0.5177378461172268,0.7092876730964877,0.19154982697926082
conventional_only,1392,0.5279609296334326,0.7084209154441333,0.18045998581070077
conventional_only,1393,0.5374942527434242,0.7070412498837302,0.16954699714030597
conventional_only,1394,0.5569466820424136,0.7110222354783869,0.15407555343597334
conventional_only,1395,0.5436532071511851,0.7051166582157405,0.1614634510645554
conventional_only,1396,0.5445538512068377,0.7103149630341783,0.16576111182734055
conventional_only,1397,0.5285019730618811,0.7051808774466108,0.17667890438472977
conventional_only,1398,0.52675861023867,0.7094971165742732,0.18273850633560318
conventional_only,1399,0.5412308319641664,0.7155602124878434,0.17432938052367697
conventional_only,1400,0.5493033000574917,0.7136672611302592,0.16436396107276752
conventional_only,1401,0.5451321249633089,0.7229649342607267,0.17783280929741785
conventional_only,1402,0.5426056118010767,0.7054412102362349,0.16283559843515816
conventional_only,1403,0.5252124859014782,0.699623949066999,0.1744114631655208
conventional_only,1404,0.5394930626165209,0.7085031893722984,0.16901012675577753
conventional_only,1405,0.5169416950454232,0.7091521823664083,0.1922104873209851
conventional_only,1406,0.5514416566922486,0.7116585990147112,0.16021694232246253
conventional_only,1407,0.558579581183061,0.7207365740699948,0.16215699288693386
conventional_only,1408,0.566317382929117,0.7169368930522366,0.15061951012311958
conventional_only,1409,0.5225274787236162,0.7021163474913341,0.17958886876771796
conventional_only,1410,0.5129523613883028,0.7132950845935374,0.2003427232052346
conventional_only,1411,0.5194698307290518,0.7220772451520598,0.202607414423008
conventional_only,1412,0.5452262225216533,0.7158120207353801,0.17058579821372677
conventional_only,1413,0.5342478309681521,0.7096671522639874,0.17541932129583526
conventional_only,1414,0.5235341876018278,0.7077416594324961,0.18420747183066832
conventional_only,1415,0.5419242927744834,0.6984832345244602,0.15655894174997675
conventional_only,1416,0.5521123388780875,0.7110495782277887,0.15893723934970116
conventional_only,1417,0.5362332555020941,0.7058716146494414,0.16963835914734726
conventional_only,1418,0.538704298136198,0.7142878239348179,0.1755835257986199
conventional_only,1419,0.5210570054120699,0.7048524090458254,0.18379540363375546
conventional_only,1420,0.5116204953873745,0.6973278234324489,0.1857073280450744
conventional_only,1421,0.5449015085914587,0.714918649082262,0.1700171404908033
conventional_only,1422,0.5158818741751229,0.7104349142311773,0.19455304005605445
conventional_only,1423,0.5166494030722837,0.706702363943056,0.19005296087077228
conventional_only,1424,0.5189548403322062,0.7119376316140121,0.19298279128180595
conventional_only,1425,0.5123764123791473,0.7077242837929214,0.19534787141377408
conventional_only,1426,0.5499575247370153,0.7269064630431531,0.17694893830613778
conventional_only,1427,0.53350611528064,0.7080180251650843,0.17451190988444432
conventional_only,1428,0.5318729911264211,0.7170215502693958,0.1851485591429748
conventional_only,1429,0.534351079612392,0.7104382405916093,0.17608716097921728
conventional_only,1430,0.511932471366833,0.7140020943336501,0.2020696229668172
conventional_only,1431,0.5335195857788069,0.714800987593764,0.1812814018149571
conventional_only,1432,0.5190799559813437,0.7072098024479323,0.1881298464665886
conventional_only,1433,0.526627756725098,0.7036049006580312,0.17697714393293318
conventional_only,1434,0.5199792101189273,0.7087574461720615,0.18877823605313415
conventional_only,1435,0.5158693431945806,0.7137704988093362,0.19790115561475563
conventional_only,1436,0.5373550883829148,0.7105992312865661,0.1732441429036513
conventional_only,1437,0.5545018942694667,0.714502450217189,0.16000055594772222
conventional_only,1438,0.5318815619019412,0.7094197527400535,0.1775381908381123
conventional_only,1439,0.5335814399595,0.7118904883304099,0.17830904837090988
conventional_only,1440,0.5279303176258937,0.7050558441072631,0.17712552648136937
conventional_only,1441,0.5572486894033777,0.7023887086307785,0.14514001922740083
conventional_only,1442,0.5296369694310927,0.7232069539574839,0.19356998452639118
conventional_only,1443,0.5330728299725084,0.7134854374592685,0.18041260748676013
conventional_only,1444,0.5112470712449685,0.7100544411597529,0.19880736991478443
conventional_only,1445,0.5542432422158342,0.7140047039508949,0.15976146173506067
conventional_only,1446,0.508022412121421,0.7051784219600901,0.1971560098386691
conventional_only,1447,0.523407536542865,0.7074814363559332,0.1840738998130682
conventional_only,1448,0.537343531958929,0.7093733289559363,0.17202979699700727
conventional_only,1449,0.5443194486767312,0.703378328969448,0.15905888029271675
conventional_only,1450,0.5535471361128228,0.7165223967729076,0.16297526066008483
conventional_only,1451,0.5256604052674398,0.7148850872290572,0.18922468196161735
conventional_only,1452,0.5204914504789327,0.7134342982642747,0.192942847785342
conventional_only,1453,0.5602645168512466,0.7162335965248221,0.15596907967357554
conventional_only,1454,0.5217351381492201,0.7099194028257999,0.18818426467657978
conventional_only,1455,0.5310242257943787,0.7127162157000813,0.18169198990570257
conventional_only,1456,0.5289076702362384,0.7115326337357276,0.1826249634994892
conventional_only,1457,0.5198635709372746,0.7089137337507857,0.18905016281351106
conventional_only,1458,0.5299066326991129,0.7092771029810254,0.17937047028191255
conventional_only,1459,0.537504348988789,0.7052068633532227,0.16770251436443373
conventional_only,1460,0.5215627860410464,0.711629512115043,0.19006672607399655
conventional_only,1461,0.52916901749279,0.7015370440482613,0.17236802655547134
conventional_only,1462,0.534257078342453,0.7128582766421023,0.17860119829964938
conventional_only,1463,0.550042844124677,0.7072296264777455,0.1571867823530685
conventional_only,1464,0.5460709831752868,0.710961261282248,0.16489027810696122
conventional_only,1465,0.5310570632680158,0.6969713326226488,0.16591426935463294
conventional_only,1466,0.5448702532599475,0.7054958180098181,0.16062556474987055
conventional_only,1467,0.5384555163603986,0.7002047811518327,0.16174926479143414
conventional_only,1468,0.5481010468917829,0.7090798530920975,0.16097880620031468
conventional_only,1469,0.5570203762863004,0.7044882529398199,0.14746787665351946
conventional_only,1470,0.5267670706488338,0.7056338922941165,0.17886682164528278
conventional_only,1471,0.5507164086306676,0.7047635522784367,0.15404714364776906
conventional_only,1472,0.5383951162174279,0.7053552443417157,0.16696012812428784
conventional_only,1473,0.5205826425724841,0.7012238885996913,0.18064124602720721
conventional_only,1474,0.5376716241406195,0.7174923875964819,0.1798207634558624
conventional_only,1475,0.5195451097696886,0.7131985264174169,0.19365341664772828
conventional_only,1476,0.5472073206709063,0.7024738912563854,0.1552665705854791
conventional_only,1477,0.5175625783746359,0.705131160218316,0.18756858184368008
conventional_only,1478,0.525916089483886,0.7130917946658117,0.18717570518192572
conventional_only,1479,0.5467278580841755,0.707685028834385,0.16095717075020954
conventional_only,1480,0.5411492303925008,0.7042683706327472,0.16311914024024632
conventional_only,1481,0.534498374422722,0.7178509681035643,0.18335259368084234
conventional_only,1482,0.5415859824719049,0.7097219151193056,0.16813593264740068
conventional_only,1483,0.520073078502063,0.7109695200638723,0.1908964415618093
conventional_only,1484,0.5235231863540422,0.7107596172239133,0.18723643086987118
conventional_only,1485,0.535441483604518,0.706980576012956,0.171539092408438
conventional_only,1486,0.5206660364555702,0.70557026480586,0.18490422835028986
conventional_only,1487,0.5171838913715389,0.7170565390957195,0.19987264772418067
conventional_only,1488,0.5402978584956764,0.7129652112577226,0.17266735276204626
conventional_only,1489,0.5424913639173277,0.7080096053616639,0.16551824144433624
conventional_only,1490,0.5222053385229879,0.7131905119620265,0.19098517343903865
conventional_only,1491,0.5204143811122406,0.7073513727790042,0.18693699166676359
conventional_only,1492,0.4996873940260572,0.7064687970938537,0.20678140306779647
conventional_only,1493,0.5475124996657484,0.7024362834394835,0.15492378377373506
conventional_only,1494,0.5067307021483497,0.7126899856458156,0.20595928349746595
conventional_only,1495,0.5017238969134115,0.7058888853124732,0.20416498839906172
conventional_only,1496,0.5303368729312445,0.7176467245035774,0.18730985157233282
conventional_only,1497,0.5292469374899265,0.7155529248685752,0.18630598737864879
conventional_only,1498,0.5439675117385947,0.7119048374389337,0.16793732570033904
conventional_only,1499,0.5262425926909986,0.7134716605643286,0.18722906787333005
conventional_only,1500,0.5400001925497138,0.7071754456956679,0.16717525314595416
conventional_only,1501,0.5542029836907535,0.7057446411344203,0.15154165744366677
conventional_only,1502,0.5302566591916473,0.7132767952159198,0.18302013602427247
conventional_only,1503,0.5156550409252532,0.7021288133094552,0.18647377238420204
conventional_only,1504,0.5311809725416772,0.7052478303875344,0.17406685784585718
conventional_only,1505,0.5290993043943656,0.7203588345341371,0.19125953013977148
conventional_only,1506,0.531868761873961,0.7156121767429889,0.1837434148690279
conventional_only,1507,0.5367789960388742,0.7095361975910729,0.17275720155219865
conventional_only,1508,0.5226749894770838,0.7203286790017899,0.19765368952470608
conventional_only,1509,0.5432865279784267,0.7062457480805004,0.16295922010207375
conventional_only,1510,0.5518182127897818,0.715112930657508,0.1632947178677262
conventional_only,1511,0.5288802468577037,0.7066372912933053,0.17775704443560159
conventional_only,1512,0.5174286129325005,0.7155538886535308,0.19812527572103023
conventional_only,1513,0.5385450648509957,0.7100257302801579,0.17148066542916218
conventional_only,1514,0.5259498194346212,0.7163187372183517,0.19036891778373055
conventional_only,1515,0.533602823867881,0.714213933982428,0.180611110114547
conventional_only,1516,0.5114287463537963,0.7169889473094646,0.2055602009556683
conventional_only,1517,0.5277657016922629,0.704634900023294,0.1768691983310311
conventional_only,1518,0.5315320186111631,0.7012263883446431,0.16969436973348007
conventional_only,1519,0.521703822575762,0.7049357408587427,0.1832319182829807
conventional_only,1520,0.5428708224403084,0.7117704946294804,0.168899672189172
conventional_only,1521,0.5332299908101483,0.7095275388563174,0.17629754804616904
conventional_only,1522,0.5474561107222164,0.7130371581595416,0.16558104743732516
conventional_only,1523,0.5088857602637658,0.7056602484514034,0.19677448818763765
conventional_only,1524,0.5333242265318047,0.7148673853714713,0.18154315883966665
conventional_only,1525,0.510445274209826,0.7180041773260293,0.20755890311620329
conventional_only,1526,0.5460304188420462,0.7009187628235712,0.15488834398152507
conventional_only,1527,0.5175693336877174,0.7174507190425892,0.19988138535487177
conventional_only,1528,0.5193300333636616,0.7077372452129015,0.18840721184923992
conventional_only,1529,0.5406542744154451,0.7044923370238093,0.1638380626083642
conventional_only,1530,0.5279587146753814,0.7018493769998636,0.17389066232448225
conventional_only,1531,0.5500570317224867,0.7106548959835223,0.16059786426103562
conventional_only,1532,0.5304604636272755,0.7052876139247325,0.174827150297457
conventional_only,1533,0.5420800618114173,0.700547775739219,0.15846771392780168
conventional_only,1534,0.529588299617813,0.7215207367158063,0.19193243709799335
conventional_only,1535,0.532937468630468,0.7015902154103278,0.16865274677985986
conventional_only,1536,0.5402045235257991,0.717687152589742,0.17748262906394296
conventional_only,1537,0.5409038052713441,0.7092242024435167,0.16832039717217262
conventional_only,1538,0.5445605045492369,0.7060115699841708,0.16145106543493393
conventional_only,1539,0.5285984315803468,0.7119206017523183,0.1833221701719715
conventional_only,1540,0.5287616205761109,0.7088332999102475,0.1800716793341366
conventional_only,1541,0.5218262065931888,0.7068918184076461,0.18506561181445735
conventional_only,1542,0.5428178541793529,0.700123403308499,0.15730554912914607
conventional_only,1543,0.5430459399547491,0.7040899655106465,0.16104402555589736
conventional_only,1544,0.5354303847703266,0.7191566654737042,0.1837262807033776
conventional_only,1545,0.5414098294289132,0.7150702475338645,0.17366041810495125
conventional_only,1546,0.5375875868020344,0.7093874462780672,0.1717998594760327
conventional_only,1547,0.5502756985960316,0.7086095512768984,0.15833385268086675
conventional_only,1548,0.5159471333790077,0.7064602214522588,0.19051308807325118
conventional_only,1549,0.5247792081789564,0.7093951979837437,0.18461598980478733
conventional_only,1550,0.5197398563211276,0.7107431328407974,0.19100327651966975
conventional_only,1551,0.532700952750504,0.699447637574757,0.16674668482425303
conventional_only,1552,0.5227579042074362,0.7076425195631729,0.18488461535573675
conventional_only,1553,0.5213383605528024,0.7111055772484597,0.18976721669565733
conventional_only,1554,0.5156117242863358,0.7236589004201995,0.2080471761338637
conventional_only,1555,0.5115975686399326,0.7163722710351283,0.2047747023951958
conventional_only,1556,0.5314554856221834,0.7153042551651356,0.18384876954295226
conventional_only,1557,0.5489050218914867,0.7056654157623458,0.15676039387085905
conventional_only,1558,0.5186288697853091,0.7151802140951271,0.19655134430981802
conventional_only,1559,0.5431194972542834,0.7094491520026869,0.16632965474840344
conventional_only,1560,0.5380669740563927,0.7048380889954289,0.16677111493903618
conventional_only,1561,0.5497559939863598,0.7130678319951713,0.16331183800881155
conventional_only,1562,0.531263310571055,0.708096949213356,0.17683363864230095
conventional_only,1563,0.5343592028774186,0.7109697254766414,0.17661052259922283
conventional_only,1564,0.5147454104668343,0.7065965002940208,0.19185108982718646
conventional_only,1565,0.5321377846462215,0.7048734336824927,0.17273564903627114
conventional_only,1566,0.5447456935798192,0.706714109510802,0.16196841593098288
conventional_only,1567,0.5393931097061907,0.7119243448488772,0.17253123514268653
conventional_only,1568,0.5298682852726622,0.7059521279700887,0.1760838426974265
conventional_only,1569,0.5511862107827855,0.7109075447872873,0.15972133400450184
conventional_only,1570,0.5241716951062667,0.7120173231000012,0.1878456279937345
conventional_only,1571,0.560511809719124,0.7153013670734256,0.15478955735430167
conventional_only,1572,0.5102429270564632,0.7100681700002247,0.19982524294376147
conventional_only,1573,0.5276509103692671,0.7118563130839393,0.18420540271467212
conventional_only,1574,0.5213114851725071,0.7173148723801389,0.19600338720763177
conventional_only,1575,0.5385764843555728,0.7046400515141975,0.1660635671586247
conventional_only,1576,0.5298388755321787,0.7211561964234446,0.19131732089126596
conventional_only,1577,0.5579718934911921,0.7127082305782367,0.1547363370870446
conventional_only,1578,0.5279713802126852,0.7151617347813318,0.18719035456864663
conventional_only,1579,0.5223409002071404,0.7023148496042186,0.17997394939707823
conventional_only,1580,0.5097560753037795,0.7225284012858174,0.21277232598203788
conventional_only,1581,0.5400498446610161,0.7034182599478842,0.16336841528686807
conventional_only,1582,0.5331271106000595,0.7180305194388172,0.18490340883875778
conventional_only,1583,0.5299116007586755,0.709475560802063,0.17956396004338748
conventional_only,1584,0.5525457921735057,0.7164577754030929,0.1639119832295871
conventional_only,1585,0.5379769136284331,0.7078980317623192,0.1699211181338861
conventional_only,1586,0.5255615128522373,0.7108375418920063,0.18527602903976903
conventional_only,1587,0.5204802415774429,0.7159610235829132,0.19548078200547037
conventional_only,1588,0.5182715657779162,0.7083476737577596,0.19007610797984342
conventional_only,1589,0.5318179451639149,0.7092308905952065,0.1774129454312916
conventional_only,1590,0.544932055291514,0.7159911122044647,0.17105905691295065
conventional_only,1591,0.5283933934195005,0.7051013574034172,0.17670796398391664
conventional_only,1592,0.5219901458576539,0.709041350686474,0.1870512048288201
conventional_only,1593,0.5482405660961611,0.7124377633698815,0.1641971972737204
conventional_only,1594,0.5700386324742639,0.713625875997509,0.14358724352324514
conventional_only,1595,0.5395993784617651,0.7161515007645501,0.17655212230278505
conventional_only,1596,0.5254221468548045,0.7152806368689346,0.18985849001413013
conventional_only,1597,0.512029038877448,0.7057274343111399,0.19369839543369194
conventional_only,1598,0.5076505675153599,0.7055654556444931,0.19791488812913327
conventional_only,1599,0.5450353113868043,0.7082239418083524,0.16318863042154808
conventional_only,1600,0.5425887878132011,0.7202582101557816,0.17766942234258054
conventional_only,1601,0.5517156469736343,0.7117189134093717,0.16000326643573737
conventional_only,1602,0.5284903124504521,0.7171410460083797,0.1886507335579276
conventional_only,1603,0.5316064547451979,0.7054627155579032,0.17385626081270533
conventional_only,1604,0.5380269300226116,0.713158206300632,0.1751312762780204
conventional_only,1605,0.5341683332380762,0.7060063524678813,0.17183801922980513
conventional_only,1606,0.5143704703492231,0.7040874530956813,0.1897169827464582
conventional_only,1607,0.5520813492035966,0.7143058467562211,0.16222449755262447
conventional_only,1608,0.5229892483293253,0.7161728261349173,0.19318357780559203
conventional_only,1609,0.5629956061314059,0.7051746397621574,0.14217903363075157
conventional_only,1610,0.5365396011349134,0.7119394306959437,0.17539982956103028
conventional_only,1611,0.5177650073032511,0.7108695876287751,0.1931045803255239
conventional_only,1612,0.5623381137721499,0.7173410301982035,0.15500291642605357
conventional_only,1613,0.514571569218518,0.7131293272516036,0.19855775803308562
conventional_only,1614,0.5262639570630142,0.7071002087247471,0.1808362516617329
conventional_only,1615,0.5351496397861553,0.7061426704048646,0.1709930306187093
conventional_only,1616,0.5181133360628187,0.7027300111639881,0.18461667510116941
conventional_only,1617,0.5330296847382525,0.7160964873401767,0.1830668026019242
conventional_only,1618,0.5205324601512481,0.7021016518794262,0.1815691917281781
conventional_only,1619,0.5180941875948267,0.7051532806013588,0.18705909300653212
conventional_only,1620,0.5305341981844948,0.7131742174907081,0.18264001930621332
conventional_only,1621,0.49401379538521184,0.7042403673456246,0.21022657196041272
conventional_only,1622,0.5257199490323532,0.7098731157330451,0.18415316670069193
conventional_only,1623,0.5415782818767946,0.7148997904753628,0.1733215085985682
conventional_only,1624,0.5210807014705559,0.7086208119469664,0.1875401104764105
conventional_only,1625,0.5179948456721185,0.7206820301347687,0.20268718446265022
conventional_only,1626,0.5194545214820688,0.7176416413518345,0.19818711986976567
conventional_only,1627,0.5332512441024343,0.7100788444870771,0.17682760038464285
conventional_only,1628,0.5277130867638612,0.7069941183483026,0.17928103158444142
conventional_only,1629,0.5112107355610438,0.70642719745881,0.1952164618977662
conventional_only,1630,0.5414215493295101,0.7010413631562673,0.15961981382675716
conventional_only,1631,0.5291839342273167,0.7153046102090281,0.18612067598171145
conventional_only,1632,0.4995482089358449,0.708905708139616,0.20935749920377106
conventional_only,1633,0.5338640706150867,0.7047228022654953,0.17085873165040866
conventional_only,1634,0.5187542109667843,0.703540935503794,0.18478672453700973
conventional_only,1635,0.5250838677531446,0.7095117418486516,0.18442787409550698
conventional_only,1636,0.5597245206696349,0.7060127137382577,0.14628819306862284
conventional_only,1637,0.5073573293949939,0.7161305064063274,0.20877317701133347
conventional_only,1638,0.532410312266406,0.7089569854055064,0.17654667313910044
conventional_only,1639,0.5284219268259261,0.7125836689238736,0.18416174209794745
conventional_only,1640,0.4925871370751183,0.7092232301131558,0.2166360930380375
conventional_only,1641,0.5295020783334694,0.7133054674065398,0.18380338907307037
conventional_only,1642,0.5207322844367169,0.7045895232178394,0.18385723878112248
conventional_only,1643,0.5429908530084943,0.7001001846884264,0.15710933167993213
conventional_only,1644,0.5567311051733457,0.6951820101103076,0.13845090493696188
conventional_only,1645,0.5218643036613964,0.7040543662575117,0.18219006259611537
conventional_only,1646,0.5296588862699187,0.7111758706054707,0.18151698433555197
conventional_only,1647,0.5301178244185948,0.7119297673938784,0.18181194297528358
conventional_only,1648,0.5166684035319753,0.7194152453198502,0.20274684178787494
conventional_only,1649,0.549923425453232,0.7054828187341912,0.15555939328095914
conventional_only,1650,0.5261874084926039,0.7005968123896545,0.17440940389705062
conventional_only,1651,0.5248878500760266,0.7161521947840612,0.19126434470803466
conventional_only,1652,0.5188337433887455,0.7044386924608077,0.18560494907206215
conventional_only,1653,0.5271945069992983,0.7114204692217774,0.1842259622224791
conventional_only,1654,0.5394048323368803,0.7134923139028438,0.17408748156596354
conventional_only,1655,0.5262469065784687,0.7106701617188733,0.18442325514040459
conventional_only,1656,0.5416471469233026,0.7111694681665311,0.16952232124322852
conventional_only,1657,0.511987859950486,0.7082251308899448,0.19623727093945875
conventional_only,1658,0.5437360222485467,0.7071633717913247,0.16342734954277804
conventional_only,1659,0.541742655648263,0.7047670478694195,0.1630243922211565
conventional_only,1660,0.528557824328489,0.7159617383259586,0.18740391399746958
conventional_only,1661,0.5277772870404692,0.7044037632506183,0.17662647621014904
conventional_only,1662,0.532584655330364,0.71931023861366,0.18672558328329592
conventional_only,1663,0.5487924133966764,0.7177876447305134,0.16899523133383698
conventional_only,1664,0.5077288020566253,0.707596448626223,0.19986764656959766
conventional_only,1665,0.5400422038555015,0.7208991042705906,0.18085690041508906
conventional_only,1666,0.5423353018474731,0.7113355245889523,0.1690002227414792
conventional_only,1667,0.5465554238345219,0.7085159446112979,0.16196052077677592
conventional_only,1668,0.5353102361922322,0.7084859107097237,0.1731756745174915
conventional_only,1669,0.5033027087356015,0.7044411960224923,0.20113848728689088
conventional_only,1670,0.5072852809472839,0.7103342481350751,0.2030489671877912
conventional_only,1671,0.5284141413841761,0.7051029914506867,0.17668885006651058
conventional_only,1672,0.5321062539714253,0.7131425705877898,0.18103631661636455
conventional_only,1673,0.5488136574141457,0.7086452252417575,0.15983156782761188
conventional_only,1674,0.5437990853243372,0.7080815077074447,0.16428242238310753
conventional_only,1675,0.5194394083347956,0.7037226965531747,0.18428328821837903
conventional_only,1676,0.5247868209432708,0.7040573727412001,0.17927055179792928
conventional_only,1677,0.5329299184953782,0.7076130986926364,0.17468318019725826
conventional_only,1678,0.5163543363550289,0.709279493836717,0.19292515748168804
conventional_only,1679,0.5395652803413257,0.712599837794495,0.1730345574531693
conventional_only,1680,0.5566050895702763,0.7179838336088282,0.1613787440385519
conventional_only,1681,0.5446353109249218,0.7023090045106425,0.1576736935857207
conventional_only,1682,0.5278710029522048,0.7014227697319451,0.17355176677974027
conventional_only,1683,0.5002415556910131,0.7192691907203035,0.21902763502929035
conventional_only,1684,0.5191923510175255,0.7019270960931919,0.18273474507566645
conventional_only,1685,0.5388021129591485,0.7101340634791617,0.17133195052001327
conventional_only,1686,0.5440029263404885,0.7146572184479001,0.17065429210741156
conventional_only,1687,0.5534908364084268,0.7100940689992599,0.15660323259083309
conventional_only,1688,0.5204899380180406,0.7145630245811395,0.19407308656309896
conventional_only,1689,0.545286357486632,0.7173397961432564,0.17205343865662437
conventional_only,1690,0.5434776038445385,0.7096227787745113,0.16614517492997283
conventional_only,1691,0.5484148322456741,0.6969050170587455,0.1484901848130714
conventional_only,1692,0.5427900815903752,0.714723570452224,0.17193348886184878
conventional_only,1693,0.5341644058325181,0.7167371956976931,0.182572789865175
conventional_only,1694,0.49301488468438487,0.7093997485780348,0.21638486389364991
conventional_only,1695,0.5315484211270146,0.7060273910561377,0.17447896992912304
conventional_only,1696,0.5290083213217694,0.7164345359121915,0.18742621459042208
conventional_only,1697,0.5348847397036726,0.708141996651348,0.17325725694767546
conventional_only,1698,0.5417215861295508,0.7176540282184157,0.17593244208886494
conventional_only,1699,0.538259474095155,0.7178305651367948,0.17957109104163982
conventional_only,1700,0.5560683080356421,0.7114019920018791,0.15533368396623704
conventional_only,1701,0.5257786244472137,0.7077891153957977,0.18201049094858401
conventional_only,1702,0.5296214970035227,0.7131782465907612,0.18355674958723855
conventional_only,1703,0.5037888702645218,0.7177630632799991,0.21397419301547727
conventional_only,1704,0.5527446723076748,0.7121625881124134,0.15941791580473863
conventional_only,1705,0.545060380488524,0.7013751562636613,0.1563147757751373
conventional_only,1706,0.550273103922108,0.7088879707700262,0.15861486684791815
conventional_only,1707,0.542747139296449,0.7029748346503518,0.1602276953539028
conventional_only,1708,0.5405395250051059,0.7177714461988993,0.17723192119379338
conventional_only,1709,0.5510852728859386,0.7044453808652281,0.15336010797928956
conventional_only,1710,0.5357816647999493,0.7142939228164452,0.17851225801649595
conventional_only,1711,0.5381283495842764,0.7101942005616466,0.17206585097737026
conventional_only,1712,0.5230033439706778,0.7111928559870682,0.18818951201639034
conventional_only,1713,0.525485460176495,0.7128298658749251,0.18734440569843014
conventional_only,1714,0.5664989507025082,0.7059214261713507,0.13942247546884246
conventional_only,1715,0.5257597717741116,0.7170555896147094,0.1912958178405978
conventional_only,1716,0.5135211434485727,0.7078087101706921,0.19428756672211944
conventional_only,1717,0.5369769877089303,0.7179746878027687,0.18099770009383842
conventional_only,1718,0.565890256957116,0.7100370000962652,0.1441467431391492
conventional_only,1719,0.5165099822976595,0.7060220483844984,0.1895120660868389
conventional_only,1720,0.5458575718129183,0.7066836427948231,0.16082607098190482
conventional_only,1721,0.5323812937129354,0.7092747421291404,0.17689344841620502
conventional_only,1722,0.5375980052742227,0.710608279468627,0.1730102741944043
conventional_only,1723,0.5228910040672458,0.7112357698410323,0.18834476577378656
conventional_only,1724,0.5058029314591443,0.7052404546294914,0.19943752317034702
conventional_only,1725,0.5451415489478956,0.7106917337466762,0.1655501847987806
conventional_only,1726,0.5398992098638895,0.7056192377277828,0.16572002786389328
conventional_only,1727,0.5567053986680623,0.702243652117861,0.14553825344979865
conventional_only,1728,0.5288363283350195,0.7069149863934276,0.17807865805840817
conventional_only,1729,0.5269762063522695,0.6996390561731491,0.17266284982087965
conventional_only,1730,0.5532480415582178,0.7198469533681577,0.1665989118099399
conventional_only,1731,0.5241125952085025,0.7024266247868516,0.17831402957834908
conventional_only,1732,0.5437340848278911,0.7082501446338694,0.16451605980597828
conventional_only,1733,0.5327159725721545,0.7097627384320634,0.17704676585990886
conventional_only,1734,0.5470897723108422,0.7073545976550931,0.1602648253442509
conventional_only,1735,0.526904998843149,0.7088386851332487,0.18193368629009965
conventional_only,1736,0.5513767837562608,0.706967462128098,0.15559067837183727
conventional_only,1737,0.5291736410844857,0.7054117502291661,0.1762381091446804
conventional_only,1738,0.5320688145997114,0.7068031570092898,0.1747343424095783
conventional_only,1739,0.5369590204459439,0.7054627111455722,0.16850369069962834
conventional_only,1740,0.5372372231756704,0.7198971498867841,0.18265992671111375
conventional_only,1741,0.5474275943970457,0.7058577529331793,0.15843015853613363
conventional_only,1742,0.5341705569769338,0.706329615177279,0.17215905820034516
conventional_only,1743,0.5331076564699186,0.7081920883289351,0.17508443185901645
conventional_only,1744,0.5352995499653173,0.7042154826644311,0.16891593269911387
conventional_only,1745,0.5205354435092566,0.7102221851865007,0.1896867416772441
conventional_only,1746,0.5116947761137782,0.7118021391635396,0.2001073630497614
conventional_only,1747,0.5202473935194526,0.7088048142915966,0.188557420772144
conventional_only,1748,0.5408287565346965,0.7088200441907434,0.16799128765604687
conventional_only,1749,0.5486172787949061,0.7061878910143969,0.15757061221949087
conventional_only,1750,0.5115779741426825,0.7075899420821327,0.1960119679394502
conventional_only,1751,0.52819836475272,0.7028698656951982,0.1746715009424782
conventional_only,1752,0.5279908083677973,0.7101414638169,0.1821506554491027
conventional_only,1753,0.5243089428649448,0.7052703530267327,0.1809614101617879
conventional_only,1754,0.5290977583040272,0.710578468040583,0.18148070973655583
conventional_only,1755,0.5215007991878817,0.7115866997786374,0.1900859005907557
conventional_only,1756,0.5249060485802107,0.7084793985835235,0.18357335000331276
conventional_only,1757,0.5546507051885275,0.7083492485385403,0.15369854335001276
conventional_only,1758,0.5183255308667848,0.7117003392471541,0.19337480838036936
conventional_only,1759,0.556496305986495,0.714459993535797,0.157963687549302
conventional_only,1760,0.5547257472653512,0.7142886948435232,0.15956294757817202
conventional_only,1761,0.5279414417916151,0.7131585475952212,0.18521710580360617
conventional_only,1762,0.5408915679447795,0.7067908312431068,0.16589926329832727
conventional_only,1763,0.5304449669445745,0.7101082144584971,0.1796632475139226
conventional_only,1764,0.541783301141542,0.7031109518118172,0.1613276506702751
conventional_only,1765,0.5334030727732706,0.7142620642184114,0.18085899144514084
conventional_only,1766,0.5518788941968137,0.7113385640376401,0.15945966984082638
conventional_only,1767,0.5225085040413254,0.7145902374635362,0.1920817334222108
conventional_only,1768,0.5185384998401918,0.7105317599403127,0.19199326010012085
conventional_only,1769,0.5414010794633926,0.7102112165957707,0.16881013713237814
conventional_only,1770,0.5270146657241471,0.7093762182833911,0.18236155255924402
conventional_only,1771,0.5459614619828687,0.7141076822448503,0.16814622026198167
conventional_only,1772,0.5198167655317286,0.7072562681261737,0.18743950259444508
conventional_only,1773,0.5326170553723293,0.7076351708009335,0.17501811542860424
conventional_only,1774,0.5302868667990878,0.7134811629341812,0.18319429613509342
conventional_only,1775,0.5198142308960755,0.6992898384611105,0.179475607565035
conventional_only,1776,0.5238825446015464,0.7126183928103247,0.1887358482087783
conventional_only,1777,0.5283378726574371,0.7049539562767209,0.17661608361928371
conventional_only,1778,0.5254054306252842,0.7100687607082548,0.18466333008297053
conventional_only,1779,0.5414638087509553,0.7022025560378823,0.16073874728692694
conventional_only,1780,0.5329703049951935,0.7112002727846033,0.1782299677894098
conventional_only,1781,0.5522942283910379,0.7044655435990183,0.15217131520798033
conventional_only,1782,0.5517275410546044,0.7093402888595024,0.15761274780489798
conventional_only,1783,0.5230007010286688,0.7087743442069627,0.18577364317829392
conventional_only,1784,0.5266051005241598,0.7032002257171573,0.17659512519299758
conventional_only,1785,0.5275085152331069,0.6985655175088394,0.1710570022757325
conventional_only,1786,0.5326193535825872,0.7104755786998945,0.17785622511730736
conventional_only,1787,0.5486447495428527,0.70992259466343,0.1612778451205773
conventional_only,1788,0.5260510762072874,0.7121790837604366,0.18612800755314918
conventional_only,1789,0.562131864120965,0.7034658860547557,0.14133402193379063
conventional_only,1790,0.5429305374297514,0.7039219614141681,0.16099142398441668
conventional_only,1791,0.5371591892625819,0.7087714525849198,0.17161226332233792
conventional_only,1792,0.5255454381203908,0.7239224295662794,0.1983769914458886
conventional_only,1793,0.522691660016309,0.7047121303496434,0.18202047033333446
conventional_only,1794,0.5104548751158317,0.706123608930645,0.1956687338148133
conventional_only,1795,0.5457234453114841,0.7204559005443024,0.17473245523281833
conventional_only,1796,0.5106602959144789,0.7112584564926404,0.2005981605781615
conventional_only,1797,0.5219800013572432,0.718237922775337,0.19625792141809384
conventional_only,1798,0.5141366728682905,0.7171626872533775,0.20302601438508705
conventional_only,1799,0.530806221297214,0.7075677237366247,0.1767615024394107
conventional_only,1800,0.5374518758773152,0.7151596513852646,0.17770777550794936
conventional_only,1801,0.5337857429538903,0.7098017272166418,0.17601598426275156
conventional_only,1802,0.5107057133747359,0.7049039740305771,0.19419826065584123
conventional_only,1803,0.5430074567327438,0.7106360627388257,0.16762860600608198
conventional_only,1804,0.5178080860253703,0.7106956034807315,0.19288751745536115
conventional_only,1805,0.5418387944607221,0.7034648790560937,0.16162608459537153
conventional_only,1806,0.5296919533241498,0.7148019330003165,0.1851099796761667
conventional_only,1807,0.5199223916354019,0.7073954191334014,0.18747302749799954
conventional_only,1808,0.5459970660437949,0.7094197758678346,0.1634227098240396
conventional_only,1809,0.5337053284245826,0.7118305143775497,0.1781251859529671
conventional_only,1810,0.5230314155529415,0.7082053582979705,0.18517394274502896
conventional_only,1811,0.5414502442495052,0.7128878821164272,0.171437637866922
conventional_only,1812,0.5335962649025607,0.704897225581736,0.17130096067917522
conventional_only,1813,0.5497945091296994,0.7080845329923174,0.15829002386261803
conventional_only,1814,0.5468482148794397,0.7054186514033673,0.15857043652392766
conventional_only,1815,0.5389512519387822,0.7159625536750397,0.17701130173625745
conventional_only,1816,0.5192883974015895,0.7222242708068924,0.20293587340530295
conventional_only,1817,0.5165913119648133,0.7079116135315779,0.1913203015667646
conventional_only,1818,0.5175559009364636,0.7077503433027119,0.19019444236624827
conventional_only,1819,0.5426689880735903,0.7105971870580808,0.16792819898449052
conventional_only,1820,0.5153968271262301,0.7153807072726882,0.19998388014645807
conventional_only,1821,0.5159246978377151,0.7126806734325175,0.1967559755948024
conventional_only,1822,0.5588198938833169,0.7062305492650237,0.14741065538170683
conventional_only,1823,0.5374921042013028,0.710702670896851,0.17321056669554824
conventional_only,1824,0.5224698372107783,0.7140378835720211,0.1915680463612428
conventional_only,1825,0.5355009880981644,0.7084576900569328,0.17295670195876844
conventional_only,1826,0.5259494117458279,0.7082883994257221,0.1823389876798942
conventional_only,1827,0.5165678755583752,0.7017693800048416,0.18520150444646633
conventional_only,1828,0.5494319943097106,0.7062181840643778,0.15678618975466718
conventional_only,1829,0.535328779739027,0.7104402628461333,0.17511148310710622
conventional_only,1830,0.5363146409094431,0.709293055468759,0.17297841455931584
conventional_only,1831,0.5255991139013769,0.7059831783271907,0.18038406442581378
conventional_only,1832,0.527646126243531,0.7097127871044927,0.18206666086096168
conventional_only,1833,0.5183812472867034,0.7122325037679018,0.1938512564811984
conventional_only,1834,0.5269016036260478,0.7175412968013634,0.1906396931753156
conventional_only,1835,0.5349655992154684,0.7159567378824219,0.1809911386669535
conventional_only,1836,0.5144452246872707,0.7042967793646174,0.1898515546773467
conventional_only,1837,0.526629753929758,0.7169896093341767,0.1903598554044187
conventional_only,1838,0.5249054476600785,0.7177552402364352,0.1928497925763567
conventional_only,1839,0.5128114684602387,0.7107767806017872,0.19796531214154844
conventional_only,1840,0.5322208919897341,0.71330456918673,0.18108367719699592
conventional_only,1841,0.5408305113421302,0.710029369106057,0.16919885776392674
conventional_only,1842,0.535001921803651,0.7086455831757986,0.1736436613721476
conventional_only,1843,0.5273553377372916,0.718886667609776,0.19153132987248445
conventional_only,1844,0.5325735719683856,0.7090836128083858,0.17651004084000022
conventional_only,1845,0.5371135940783017,0.7087827630965224,0.1716691690182207
conventional_only,1846,0.530457194157199,0.7132979405942149,0.18284074643701587
conventional_only,1847,0.5510615544569476,0.7195255403240935,0.16846398586714595
conventional_only,1848,0.5109895106041956,0.7038189456589296,0.19282943505473393
conventional_only,1849,0.5422258561460739,0.7073301987856054,0.16510434263953155
conventional_only,1850,0.5324610553109406,0.7075538551187984,0.17509279980785786
conventional_only,1851,0.5343634661953454,0.7156970205227395,0.18133355432739418
conventional_only,1852,0.5361935055479397,0.7106524830395029,0.17445897749156325
conventional_only,1853,0.5211711280289852,0.7054819578527172,0.18431082982373193
conventional_only,1854,0.5188725612407131,0.7024796018439498,0.18360704060323663
conventional_only,1855,0.5318051151300504,0.7072568904016827,0.17545177527163236
conventional_only,1856,0.5369130171982058,0.703669362096586,0.1667563448983802
conventional_only,1857,0.5144250867253907,0.7095006192331755,0.19507553250778487
conventional_only,1858,0.5296222846955271,0.7057490367807732,0.17612675208524609
conventional_only,1859,0.5449149432708295,0.7153859674466533,0.17047102417582383
conventional_only,1860,0.5664869530167741,0.7101411744962864,0.14365422147951235
conventional_only,1861,0.5491054519447535,0.710487491580789,0.1613820396360356
conventional_only,1862,0.5401094337892258,0.7114434319193849,0.17133399813015904
conventional_only,1863,0.5290448923833068,0.7092512179074086,0.18020632552410187
conventional_only,1864,0.5216702265732739,0.7060322362011318,0.18436200962785787
conventional_only,1865,0.5282839843595407,0.7103912455410116,0.18210726118147091
conventional_only,1866,0.5115868293496704,0.7119707688833873,0.20038393953371691
conventional_only,1867,0.5201121640737528,0.7207750208668251,0.20066285679307228
conventional_only,1868,0.5264646538455516,0.7067118328890365,0.18024717904348486
conventional_only,1869,0.5252250065182854,0.7202493448768037,0.1950243383585183
conventional_only,1870,0.541505005782558,0.7215734219332732,0.18006841615071523
conventional_only,1871,0.549588649889013,0.7134013487317913,0.16381269884277827
conventional_only,1872,0.5473402003333859,0.7036651952576052,0.15632499492421925
conventional_only,1873,0.5379757703893892,0.7110749060375677,0.17309913564817858
conventional_only,1874,0.5244736544065383,0.714936223448179,0.19046256904164072
conventional_only,1875,0.5293773310487334,0.6986413272033913,0.16926399615465793
conventional_only,1876,0.5433707011160451,0.7102830281517967,0.16691232703575154
conventional_only,1877,0.5236981246963534,0.7054283247324536,0.1817302000361003
conventional_only,1878,0.5336912717772115,0.7196347830277541,0.18594351125054254
conventional_only,1879,0.5423913184007101,0.6981236457579414,0.1557323273572313
conventional_only,1880,0.5291205820533239,0.7135408215093013,0.1844202394559774
conventional_only,1881,0.5370502605516996,0.709885951315869,0.17283569076416938
conventional_only,1882,0.5372161813963984,0.7135465115716394,0.17633033017524102
conventional_only,1883,0.5364452167188212,0.7093654555993952,0.17292023888057406
conventional_only,1884,0.5422557201316865,0.7131894258438133,0.17093370571212674
conventional_only,1885,0.5438418792239424,0.7092062021068298,0.16536432288288738
conventional_only,1886,0.5254049043971585,0.7132495077760459,0.18784460337888742
conventional_only,1887,0.5264944745966982,0.7140774813045279,0.18758300670782968
conventional_only,1888,0.5059667003448367,0.7182545309556666,0.2122878306108299
conventional_only,1889,0.5303654317571606,0.7081928525269805,0.17782742076981994
conventional_only,1890,0.5131051200525388,0.7097809826699029,0.19667586261736403
conventional_only,1891,0.533712970803982,0.7122492558268384,0.17853628502285646
conventional_only,1892,0.5342697050876156,0.706427563360977,0.17215785827336139
conventional_only,1893,0.5355853514499983,0.7047393654018982,0.16915401395189988
conventional_only,1894,0.5172185755069106,0.7049644848161775,0.18774590930926682
conventional_only,1895,0.5636768646933106,0.7137117810657156,0.15003491637240507
conventional_only,1896,0.5288092672930861,0.7168666177775146,0.1880573504844285
conventional_only,1897,0.5160148840397,0.7026152724693815,0.18660038842968152
conventional_only,1898,0.520543360715613,0.7114063549065823,0.1908629941909693
conventional_only,1899,0.5470111897806162,0.7090985254323793,0.16208733565176303
conventional_only,1900,0.5320912532140777,0.7119593371826438,0.17986808396856613
conventional_only,1901,0.5227317405431686,0.7179176180393722,0.19518587749620353
conventional_only,1902,0.5136518490013005,0.7181720631497726,0.2045202141484721
conventional_only,1903,0.5450580268329239,0.7156231608994736,0.17056513406654972
conventional_only,1904,0.5567915758858826,0.7071287183425518,0.15033714245666918
conventional_only,1905,0.5233128294961273,0.7083777145870717,0.18506488509094432
conventional_only,1906,0.5387551250979167,0.7045103609448726,0.16575523584695595
conventional_only,1907,0.5403622936417251,0.7088797236755965,0.16851743003387143
conventional_only,1908,0.529103800245227,0.7140871532892593,0.18498335304403235
conventional_only,1909,0.5484412796563944,0.7104519624802034,0.16201068282380893
conventional_only,1910,0.5412179159248408,0.7106944399879248,0.169476524063084
conventional_only,1911,0.5124032392028459,0.711253290962101,0.19885005175925508
conventional_only,1912,0.5275747701304305,0.7130585692554283,0.1854837991249978
conventional_only,1913,0.524168138874553,0.711872482469889,0.18770434359533594
conventional_only,1914,0.521560402720561,0.7070613684349294,0.18550096571436836
conventional_only,1915,0.5467319296003835,0.7077371556088521,0.16100522600846856
conventional_only,1916,0.558004549280972,0.7027302756799201,0.1447257263989481
conventional_only,1917,0.553003467047983,0.7073344099663227,0.1543309429183397
conventional_only,1918,0.539711738959784,0.7150287261810222,0.17531698722123823
conventional_only,1919,0.5249146807681717,0.7093646388209788,0.18444995805280706
conventional_only,1920,0.5300518370687936,0.7109061504337402,0.18085431336494662
conventional_only,1921,0.5211612188650104,0.70985154940435,0.1886903305393396
conventional_only,1922,0.5189524572741862,0.7122340160394324,0.19328155876524622
conventional_only,1923,0.5375478709293647,0.7102036944115714,0.17265582348220665
conventional_only,1924,0.5189025579331373,0.71455842512979,0.19565586719665262
conventional_only,1925,0.5365491156314119,0.7110281960782937,0.17447908044688176
conventional_only,1926,0.5430608121323484,0.706168979486521,0.16310816735417266
conventional_only,1927,0.5188139896537215,0.713356302973299,0.1945423133195775
conventional_only,1928,0.5198274988961591,0.7011023289846462,0.1812748300884871
conventional_only,1929,0.5560580356574986,0.7107628943163395,0.15470485865884098
conventional_only,1930,0.5342055979991951,0.7166773774267015,0.18247177942750636
conventional_only,1931,0.5197493099222456,0.7033996037042508,0.18365029378200526
conventional_only,1932,0.531893488377269,0.7130560097322024,0.18116252135493338
conventional_only,1933,0.5480880718201973,0.7132472810550546,0.16515920923485738
conventional_only,1934,0.549307470834485,0.7152570415011957,0.1659495706667108
conventional_only,1935,0.5255068297014391,0.7076293119297619,0.18212248222832272
conventional_only,1936,0.5167345513600993,0.707929281322811,0.1911947299627117
conventional_only,1937,0.5426531668227398,0.7175055971871477,0.1748524303644079
conventional_only,1938,0.523229686086703,0.7179206096678895,0.19469092358118656
conventional_only,1939,0.527633500787053,0.7130488439842977,0.18541534319724473
conventional_only,1940,0.5179815765059581,0.7101589561550331,0.192177379649075
conventional_only,1941,0.5406377242543504,0.7145783643993141,0.1739406401449637
conventional_only,1942,0.5355010028202575,0.7102538525441094,0.17475284972385197
conventional_only,1943,0.5561053483509294,0.7137383967537628,0.15763304840283343
conventional_only,1944,0.5286071694686402,0.7194555403210254,0.19084837085238526
conventional_only,1945,0.5372587985699996,0.7116330227798123,0.17437422420981274
conventional_only,1946,0.5445500555323676,0.7177006653840956,0.17315060985172803
conventional_only,1947,0.5363939095581363,0.7127102893349553,0.17631637977681902
conventional_only,1948,0.5426882505189767,0.709409991115337,0.16672174059636025
conventional_only,1949,0.5404264738477872,0.7093904523201978,0.16896397847241063
conventional_only,1950,0.5525735673105873,0.714710621228443,0.1621370539178557
conventional_only,1951,0.5271461103869151,0.7050929490526483,0.17794683866573324
conventional_only,1952,0.5607939389212168,0.7061995424789858,0.145405603557769
conventional_only,1953,0.5431038591184066,0.7037295999245002,0.1606257408060936
conventional_only,1954,0.5300536772267357,0.7130698782323056,0.18301620100556992
conventional_only,1955,0.5372801109117834,0.71382417001222,0.17654405910043658
conventional_only,1956,0.5117853583065641,0.7139038187842714,0.20211846047770732
conventional_only,1957,0.5230476240206929,0.7141163615859347,0.1910687375652418
conventional_only,1958,0.5135510362225315,0.7088820429648386,0.19533100674230708
conventional_only,1959,0.5262872489364822,0.7096766318763933,0.18338938293991114
conventional_only,1960,0.5449454075526096,0.7104180259990966,0.16547261844648709
conventional_only,1961,0.5387444299541295,0.7111666091282415,0.17242217917411196
conventional_only,1962,0.5294380155770851,0.7062153728856112,0.17677735730852606
conventional_only,1963,0.5184167214703794,0.7059434522717618,0.18752673080138238
conventional_only,1964,0.5378892589389693,0.7054660504153897,0.16757679147642035
conventional_only,1965,0.5298587736421585,0.7101045495620834,0.18024577591992486
conventional_only,1966,0.5296979615936607,0.7075691967283108,0.17787123513465009
conventional_only,1967,0.5408312480993309,0.7076572284074296,0.1668259803080987
conventional_only,1968,0.578025214246736,0.7136596136375691,0.1356343993908331
conventional_only,1969,0.5186039989331703,0.7056697918312369,0.18706579289806657
conventional_only,1970,0.5384922314008285,0.6988801358469598,0.16038790444613138
conventional_only,1971,0.5429227156320847,0.7031811707207456,0.16025845508866088
conventional_only,1972,0.5439388931232573,0.717423733742574,0.17348484061931668
conventional_only,1973,0.5117033870213809,0.7049072981288242,0.1932039111074434
conventional_only,1974,0.5373945850093476,0.7100458718301974,0.17265128682084985
conventional_only,1975,0.5353607724513589,0.7096606084450516,0.1742998359936927
conventional_only,1976,0.5251112899265389,0.6989787230771733,0.17386743315063447
conventional_only,1977,0.5017277039092038,0.6949319955994772,0.1932042916902733
conventional_only,1978,0.5346327652530625,0.7119662233551676,0.1773334581021051
conventional_only,1979,0.5514296900380339,0.7029565421002473,0.1515268520622134
conventional_only,1980,0.5197436211621383,0.7067119182857893,0.18696829712365093
conventional_only,1981,0.5423161747742323,0.7074602391759807,0.16514406440174834
conventional_only,1982,0.5238581047840156,0.7089894036724609,0.18513129888844526
conventional_only,1983,0.5300301878705707,0.7083874913167469,0.17835730344617629
conventional_only,1984,0.5426146071178147,0.7144994528439702,0.17188484572615548
conventional_only,1985,0.5226857796537681,0.7127738167782294,0.19008803712446132
conventional_only,1986,0.5476784895851926,0.7101763402653392,0.16249785068014655
conventional_only,1987,0.5251192936701929,0.7074923474945429,0.18237305382434998
conventional_only,1988,0.5358640430302736,0.7026592590428936,0.16679521601262004
conventional_only,1989,0.5461145612089139,0.7075246654466619,0.16141010423774804
conventional_only,1990,0.5130837137556862,0.7051464269952863,0.1920627132396001
conventional_only,1991,0.515447320951172,0.698204859605585,0.18275753865441302
conventional_only,1992,0.5342850998309658,0.7046588076141443,0.1703737077831785
conventional_only,1993,0.520592060551406,0.7149622450986083,0.19437018454720223
conventional_only,1994,0.5353901610420969,0.7137357714509031,0.17834561040880614
conventional_only,1995,0.529079122447703,0.7144753463540886,0.18539622390638555
conventional_only,1996,0.5306185902872123,0.7121496067686207,0.18153101648140846
conventional_only,1997,0.5130637336523944,0.7013573894149949,0.1882936557626005
conventional_only,1998,0.5162662521910505,0.7182108572970147,0.20194460510596424
conventional_only,1999,0.5199849374617107,0.7100387263618542,0.19005378890014346
